Organization,Followed On
CryptoXpress,Tue Apr 16 20:50:57 UTC 2024
Healthy Whey (Epifamily Private Limited),Tue Apr 16 20:49:09 UTC 2024
Samsung Electronics,Fri Mar 29 19:14:48 UTC 2024
Xscale - Scaling B2B Companies using Expertise & Technology. ,Sat Mar 23 14:36:52 UTC 2024
Hetcash advertising,Sat Mar 23 14:36:14 UTC 2024
Coforge,Thu Mar 14 08:54:41 UTC 2024
DataNeuron,Thu Mar 14 08:53:39 UTC 2024
Otomashen,Mon Mar 11 17:54:16 UTC 2024
Capgemini Engineering,Thu Feb 22 19:24:29 UTC 2024
TELUS International India,Thu Feb 22 19:24:03 UTC 2024
STUDIES HQ,Thu Feb 22 11:15:50 UTC 2024
UNIWAY INFOCOM,Thu Feb 22 11:15:48 UTC 2024
Crossover ,Sun Oct 29 13:54:43 UTC 2023
The Algorithm,Wed Oct 18 11:44:47 UTC 2023
Zupee,Wed Oct 18 11:38:48 UTC 2023
AskmeOffers.com,Sat Sep 16 05:56:02 UTC 2023
SELIN Club PTE LTD,Sun Sep 10 00:18:34 UTC 2023
SkillShots.app,Sun Sep 10 00:17:48 UTC 2023
Zapuza,Sun Sep 10 00:16:54 UTC 2023
Blu Ocean Innovations pvt ltd,Sun Sep 10 00:16:21 UTC 2023
Contentverse by Computhink,Sun Sep 10 00:15:22 UTC 2023
SoftSensor.ai,Tue Sep 05 02:12:53 UTC 2023
PayNways,Tue Sep 05 02:12:37 UTC 2023
Sparklin,Tue Sep 05 01:48:41 UTC 2023
MissPoppins,Sun Sep 03 00:48:57 UTC 2023
Digitize Things Inc.,Sun Sep 03 00:32:30 UTC 2023
Tunch Technology,Sun Sep 03 00:29:52 UTC 2023
Qubrid AI,Sun Sep 03 00:27:24 UTC 2023
Flexi Analyst,Sun Sep 03 00:26:58 UTC 2023
Giakaa,Sun Aug 27 22:29:09 UTC 2023
Ezinore Pvt. Ltd.,Sun Aug 27 22:25:21 UTC 2023
Rationarium,Wed Aug 16 17:45:26 UTC 2023
Tree Top Staffing LLC,Wed Aug 16 12:31:15 UTC 2023
startelelogic,Tue Aug 15 09:24:43 UTC 2023
Esync Technologies,Thu Jul 20 11:19:34 UTC 2023
Delhivery,Wed Jul 12 21:24:33 UTC 2023
C2 Digital,Wed Jul 12 21:22:29 UTC 2023
Codiant - A YASH Technologies Company,Thu Jul 06 13:49:26 UTC 2023
StatSkew,Mon Jun 12 20:51:56 UTC 2023
KRISLINGUA - The German Language Institute,Mon Jun 12 20:51:54 UTC 2023
LTIMindtree,Fri Jun 02 18:48:10 UTC 2023
mslate,Fri Jun 03 20:03:49 UTC 2022
Alchemial,Fri Jun 03 20:03:22 UTC 2022
Damco Solutions,Mon May 30 20:28:36 UTC 2022
Appinventiv,Mon May 30 20:27:52 UTC 2022
Google Developer Student Clubs - Sharda University,Sat Sep 04 17:34:30 UTC 2021
arraykart,Fri Sep 03 19:46:43 UTC 2021
Fresher Jobs,Mon Aug 30 16:32:06 UTC 2021
Flipkart,Mon Aug 30 16:17:43 UTC 2021
Zomato,Mon Aug 30 16:17:39 UTC 2021
Tata Group,Mon Aug 30 16:17:37 UTC 2021
Qualcomm,Mon Aug 30 16:17:36 UTC 2021
HackerRank,Mon Aug 30 16:17:36 UTC 2021
Coding Club,Mon Aug 30 16:17:34 UTC 2021
Upwork,Mon Aug 30 16:17:33 UTC 2021
Internship & Training,Mon Aug 30 16:17:32 UTC 2021
Ola,Mon Aug 30 16:17:28 UTC 2021
Career For Freshers,Mon Aug 30 16:17:27 UTC 2021
Fresher Jobs,Mon Aug 30 16:17:26 UTC 2021
InterviewBit,Mon Aug 30 16:17:21 UTC 2021
Adobe,Mon Aug 30 16:17:19 UTC 2021
CodeChef,Mon Aug 30 16:17:19 UTC 2021
Apple,Mon Aug 30 16:17:18 UTC 2021
Job Portal by GeeksforGeeks,Mon Aug 30 16:17:17 UTC 2021
Coding Blocks,Mon Aug 30 16:17:17 UTC 2021
Swiggy,Mon Aug 30 16:17:16 UTC 2021
Salesforce,Mon Aug 30 16:17:15 UTC 2021
freeCodeCamp,Mon Aug 30 16:17:14 UTC 2021
GitHub,Mon Aug 30 16:17:13 UTC 2021
Google Cloud,Mon Aug 30 16:17:12 UTC 2021
Microsoft,Mon Aug 30 16:17:11 UTC 2021
HP,Mon Aug 30 16:17:11 UTC 2021
Google,Mon Aug 30 16:17:10 UTC 2021
Amazon Web Services (AWS),Mon Aug 30 16:17:10 UTC 2021
Amazon,Mon Aug 30 16:17:02 UTC 2021
LinkedIn,Mon Aug 30 16:17:00 UTC 2021
Work From Home/ Fresher & Experience Jobs,Mon Aug 30 16:16:35 UTC 2021
Hiring Alert,Mon Aug 30 16:16:34 UTC 2021
Sharda University,Mon Aug 30 15:42:49 UTC 2021