Notes:
"When exporting your connection data, you may notice that some of the email addresses are missing. You will only see email addresses for connections who have allowed their connections to see or download their email address using this setting https://www.linkedin.com/psettings/privacy/email. You can learn more here https://www.linkedin.com/help/linkedin/answer/261"

First Name,Last Name,URL,Email Address,Company,Position,Connected On
Deepak,Chaudhary,https://www.linkedin.com/in/deepak-chaudhary-phoenix-dev,,GigaNodes,Head Management,16 Apr 2024
Esika,Rajput,https://www.linkedin.com/in/esika-rajput-688000216,,,,10 Apr 2024
Sneha,Kumari,https://www.linkedin.com/in/sneha-kumari-9a0071252,,Freshers Jobs,Fresher,10 Apr 2024
Sarthak,Sharma,https://www.linkedin.com/in/sarthak-sharma-3584a326a,,Amazon,Catalog Specialist,09 Apr 2024
Ashutosh ,Kumar singh,https://www.linkedin.com/in/ashutosh-kumar-singh-linkedaccount,,,,20 Mar 2024
JOY,PAUL,https://www.linkedin.com/in/joy-paul-ab03b8277,,,,11 Mar 2024
Ashwani,Agrawal ,https://www.linkedin.com/in/ashwani27,,,,11 Mar 2024
Bhavya,Sharma,https://www.linkedin.com/in/bhavya-sharma-2b2790215,,Jupiter AI Labs ✔,Technical Project Manager,11 Mar 2024
Sameer,Khan,https://www.linkedin.com/in/sameer-khan-04763429a,,Digital Accessibility by WeCo,Sales And Marketing Specialist,22 Feb 2024
Neeru,Bhardwaj,https://www.linkedin.com/in/neeru-bhardwaj-18b2b1217,,AU SMALL FINANCE BANK,State Coordinator,22 Feb 2024
Utkarsh,sharma,https://www.linkedin.com/in/utkarsh-sharma-755946237,,,,22 Feb 2024
Amit,Kedia,https://www.linkedin.com/in/amit-kedia-015bba24a,,Sharda University,Senior Business Development Executive,22 Feb 2024
Jesca,Clement,https://www.linkedin.com/in/jesca-clement-a7b626256,,,,22 Feb 2024
Yuvraj,T,https://www.linkedin.com/in/yuvraj-t-184b92267,,Infoavana Technologies Private Limited,Business Development Executive - Cybersecurity,22 Feb 2024
Mohit,Kumar,https://www.linkedin.com/in/mohit-kumar-a25bb0284,,,,22 Feb 2024
Rajender,Singh,https://www.linkedin.com/in/singhrajen,,Brainbox Consulting | Digital,Lead - SAP Ariba Consulting Services,22 Feb 2024
Mohit,Dev Tomar,https://www.linkedin.com/in/mohittomar8,,Career Catalyst,Event and Workshop Coordinator,22 Feb 2024
Aryan,Kumar,https://www.linkedin.com/in/kumararyan1509,,FictiveBox,Business Executive,11 Feb 2024
Tani,_,https://www.linkedin.com/in/tani-611796265,,Hindustan Recruitment,Talent Acquisition Specialist,23 Jan 2024
Rajeev,.,https://www.linkedin.com/in/rajeev-b9313b237,,"School of Engineering and Technology, Sharda University",Student,10 Dec 2023
ROHIT,TYAGI,https://www.linkedin.com/in/rohit-tyagi-0427401a2,,Liveupx Private Limited,Machine Learning Engineer,06 Dec 2023
Anchal,pal,https://www.linkedin.com/in/anchal-pal-614982297,,,,06 Dec 2023
Abhijitha,Aruna Nandakumar,https://www.linkedin.com/in/abhijitha2318,,DataTrained,"Content , Sales and Marketing",06 Dec 2023
Aadil,Shafi,https://www.linkedin.com/in/aadil-shafi-,,FIL Industries,Electrical Electronic Engineer,06 Dec 2023
Sourav Kumar,Jha,https://www.linkedin.com/in/sourav-kumar-jha-832b11253,,,,06 Dec 2023
Shreya,Angad,https://www.linkedin.com/in/shreya-angad-1b7460209,,E-Solutions,Social Media Manager,06 Dec 2023
Shivam,Porwal,https://www.linkedin.com/in/shivam-porwal-8653b5193,,Amazon,Software development Engineer -1,27 Nov 2023
Mohit,Chauhan,https://www.linkedin.com/in/mohit-chauhan-030636103,,PwC India,Senior Risk Consultant,18 Nov 2023
Mohit,Gautam,https://www.linkedin.com/in/mohit-gautam-6a89bb165,,EKI Energy Services Ltd (EnKing International) @EKIEnergy,Business Development Executive,18 Nov 2023
Abhishek,Kumar,https://www.linkedin.com/in/abhishek-kumar-663721192,,Nagarro,Engineer,12 Nov 2023
Gursimar,Singh,https://www.linkedin.com/in/gursimar-singh-558405278,,UNIWAY INFOCOM,Digital Marketing Executive,12 Nov 2023
Mantosh,Kumar,https://www.linkedin.com/in/mantoshkr,,PCS Global Pvt Ltd,Full-stack Developer,12 Nov 2023
Saloni,Garg,https://www.linkedin.com/in/saloni-garg-2aa2b2190,,LIPY MEDIA PRIVATE LIMITED,HR Manager,12 Nov 2023
tanya,sonkar,https://www.linkedin.com/in/tanya-sonkar-973243258,,,,12 Nov 2023
Ketan,Chaudhary,https://www.linkedin.com/in/ketan-chaudhary-0bb1391ba,,,,12 Nov 2023
Harsh,Sinha,https://www.linkedin.com/in/harsh-sinha-519880275,,Wayspire,Team Manager,12 Nov 2023
Manish,Kumar,https://www.linkedin.com/in/manish-kumar-797a231b9,,,,29 Oct 2023
Vaishnavi,.,https://www.linkedin.com/in/vaishnavi-851524241,,,,28 Oct 2023
Km,Varsha,https://www.linkedin.com/in/km-varsha-6154a8185,,Infosys,System Engineer,24 Oct 2023
Saumya,Singh,https://www.linkedin.com/in/saumya-singh10,,The GVAS - Global Virtual Assistant Services,Business Development Intern,24 Oct 2023
Md Mohtashim,Meeran,https://www.linkedin.com/in/md-meeran,,Technova ,President,24 Oct 2023
Sameer,Chaudhary,https://www.linkedin.com/in/sameer-chaudhary-225744280,,Saikrishna & Associates,Intern,21 Oct 2023
Apoorv Vikram,Singh,https://www.linkedin.com/in/apoorv-vikram-singh-1982191b5,,MyCaptain,Learner,20 Oct 2023
Saurav,Mishra,https://www.linkedin.com/in/saurav-mishra-647208204,,Select Source International,U.S Recruitment Consultant,18 Oct 2023
Anupam,Gupta,https://www.linkedin.com/in/anupampk,,NextagMedia,Co-Founder,18 Oct 2023
Shivanshu,Kumar 🇮🇳,https://www.linkedin.com/in/shivanshu-kumar-%F0%9F%87%AE%F0%9F%87%B3-794b65243,,Healthy Whey (Epifamily private limited),Managing Director,18 Oct 2023
Jaishri,Jha,https://www.linkedin.com/in/jaishri-jha-8a4b46247,,,,18 Oct 2023
Vishwakarma,Bipin,https://www.linkedin.com/in/vishwakarma-bipin-42a441213,,,,18 Oct 2023
Shreyasi,Shailendra,https://www.linkedin.com/in/shreyasi-shailendra-535335268,,CUREYA,Social Media Marketing Specialist,18 Oct 2023
Prabha,sharma,https://www.linkedin.com/in/prabha-sharma-0809b2291,,,,18 Oct 2023
Shambhavi,Sinha,https://www.linkedin.com/in/shambhavi-sinha-b2626a27a,,Talentrack,Senior Associate-HR & Admin,18 Oct 2023
Shegufa,Ansari,https://www.linkedin.com/in/shegufa-ansari-174575242,,Wobb,Software Test Engineer Intern,18 Oct 2023
Mansi,Sharma ,https://www.linkedin.com/in/mansi-sharma-92b108153,,Skyway solution,Talent Acquisition Executive,18 Oct 2023
Tushar,Tomar,https://www.linkedin.com/in/contacttushartomar,,TalentServe,Human Resources and General Management,09 Oct 2023
Pankaj,Nayak,https://www.linkedin.com/in/pankaj-nayak-779b08157,,Shekhar the real estate,Sales Executive,09 Oct 2023
Radhika,Shrivas,https://www.linkedin.com/in/radhika-shrivas-8a016524a,,XIMPEX (Exportal India Pvt. Ltd.),Human Resources Executive,09 Oct 2023
Shubh,Garg,https://www.linkedin.com/in/shubhgarg12,,Alan Ayoubi,Teaching Assistant | Graphics & Animation ,09 Oct 2023
Adv. Pratyush,Jha,https://www.linkedin.com/in/pratyushjha27,,eDrafter.in,Legal Associate,09 Oct 2023
Priyam,Kumar,https://www.linkedin.com/in/priyam-kumar-9287b925b,,RADICON LABORATORIES LTD.,Internship Trainee,09 Oct 2023
Sourav,Roy,https://www.linkedin.com/in/souravroy786,,,,09 Oct 2023
Aditya,Prakash,https://www.linkedin.com/in/aditya-prakash-63a35819b,,Sharda University,Event Executive,09 Oct 2023
Vishal,Maurya,https://www.linkedin.com/in/vishu-maurya,,,,09 Oct 2023
Tashu,Garg,https://www.linkedin.com/in/tashu-garg-07472a218,,Kartavya NGO,Volunteer,09 Oct 2023
Manish,Sharma,https://www.linkedin.com/in/manishsharma10,shmanish1001@gmail.com,,,09 Oct 2023
AKHIL,SHARMA,https://www.linkedin.com/in/akhil-sharma-854922203,,Oasis Infobyte,Data Science Intern,28 Sep 2023
Jigyasa,Chaudhary,https://www.linkedin.com/in/jigyasa-chaudhary-135b53261,,Verzeo,Intern,28 Sep 2023
Mohammed,Shabab,https://www.linkedin.com/in/mohammed-shabab-181120257,,,,28 Sep 2023
Arunima,Upadhyay,https://www.linkedin.com/in/arunima-upadhyay-b4a458278,,,,28 Sep 2023
Mohit,Sharma,https://www.linkedin.com/in/mohit-sharma-055102244,,,,28 Sep 2023
Chetna,Tanwar,https://www.linkedin.com/in/chetna-tanwar-93414621a,,Sharda University,Postgraduate Student,18 Sep 2023
Aman,Sharma,https://www.linkedin.com/in/trezarex,,Bhramaand,Backend Developer,10 Sep 2023
Vansh,chaudhary,https://www.linkedin.com/in/maybevansh,,Ksolves India Limited,Software Developer,05 Sep 2023
Ashish,Kumar Mahato,https://www.linkedin.com/in/ashish-kumar-mahato-752742268,,,,03 Sep 2023
Hasya ,Narula,https://www.linkedin.com/in/hasya-narula-jaigji77,,,,29 Aug 2023
Tanishq,Verma,https://www.linkedin.com/in/tanishq-verma-142715287,,,,29 Aug 2023
Sameer,Khan,https://www.linkedin.com/in/sameer-khan-88btech88,,InsuranceDekho,Sales Executive,28 Aug 2023
Sanjay,yadav,https://www.linkedin.com/in/imsanjayadav,sanjayadav448@gmail.com,BM Digital Utilization,Back End Developer,28 Aug 2023
Swasti,Arya,https://www.linkedin.com/in/swasti24,,,,28 Aug 2023
Rishi,Raj,https://www.linkedin.com/in/rishiraj9523,,Three Meadows Software Private Limited,Software Engineer,28 Aug 2023
Parvesh,Kumar Sirmoria,https://www.linkedin.com/in/parvesh-kumar-sirmoria-compengdtu,,Siemens Technology and Services Private Limited,SDE Intern,24 Aug 2023
Sachin,Sharma,https://www.linkedin.com/in/sachinsharmaen,,Coding Blocks,Trainee,21 Aug 2023
Ipsit,Sharma,https://www.linkedin.com/in/ipsit-sharma-a11021243,,,,16 Aug 2023
Krishna,Kumari,https://www.linkedin.com/in/krishna-kumari-0885651b5,,Cognizant,Software Engineer,14 Aug 2023
Navneet,Lohia,https://www.linkedin.com/in/navneet-lohia-452bb4172,,Amazon,Software Development Engineer,13 Aug 2023
Gehna,Malik,https://www.linkedin.com/in/gehna-malik-7b9473193,,Cognizant,Full Stack Developer,13 Aug 2023
Naitik,Rathore,https://www.linkedin.com/in/naitik-rathore-8a028020b,,Google Developer Student Clubs - Sharda University,Tech Lead-Competitive Programming,13 Aug 2023
Rishabh,Saluja,https://www.linkedin.com/in/rishabh-saluja-64250a1a9,,Capgemini,Senior Software Engineer,13 Aug 2023
Prarthak,Verma,https://www.linkedin.com/in/prarthak-verma-062b2920b,,IHG Hotels & Resorts,Analyst,12 Aug 2023
Ayush,Shah,https://www.linkedin.com/in/ayushshah30,,Under 25 Universe,Editorial Director,12 Aug 2023
,,,,,,21 Jul 2023
Shubhanshu,Singh,https://www.linkedin.com/in/shubhanshu-singh-3a17361a0,,NI (National Instruments),Software Developer,10 Jul 2023
AKASH,KUMAR,https://www.linkedin.com/in/akashkumar0228,,Desi QnA,SDE Intern,08 Jul 2023
Tarun,Sirohi,https://www.linkedin.com/in/tarunsirohi,,,,23 Jun 2023
Aman,Tiwari,https://www.linkedin.com/in/0202amantiwari,,NextagMedia,Web Developer,13 Jun 2023
,,,,,,12 Jun 2023
Mayank,Yadav,https://www.linkedin.com/in/mayank-yadav-549468126,,Corizo,Marketing Intern,12 Jun 2023
Naman,Rana,https://www.linkedin.com/in/namrana,,Q2,Software Intern,07 Apr 2023
vivek,pathak,https://www.linkedin.com/in/vivek-pathak-0571a973,,Krislingua Consultancy Servises,Senior Consultant,07 Apr 2023
StatSkew,Techs,https://www.linkedin.com/in/statskew-techs-a543a3252,,StatSkew,Data Analytics Recruiter ,07 Apr 2023
Harshit,Singh,https://www.linkedin.com/in/harshit-s010,,,,26 Oct 2022
Sidharth,Roy,https://www.linkedin.com/in/sidharth-roy-08812b244,,WebCoir IT Solutions(P) Ltd,Email Marketing Specialist,26 Oct 2022
Uttam,Ujjwal,https://www.linkedin.com/in/uttam-ujjwal-806724184,utmujjwal8873@gmail.com,Safexpress Private Limited,Business Development Manager,26 Oct 2022
SAIF,KHAN,https://www.linkedin.com/in/saifkhan03786,,ICICIdirect,ERM,26 Oct 2022
Sonia,Mondal,https://www.linkedin.com/in/sonia-mondal-b24bbb254,,,,26 Oct 2022
Ariyama,Yadav,https://www.linkedin.com/in/ariyama-yadav-17b6a3124,,SAMSUNG E&A INDIA,HR,09 Aug 2022
Awantika,Tewari,https://www.linkedin.com/in/awantika-tewari-9822976a,,Majesco,Associate Manager,21 Jun 2022
Shalini ,Tiwari,https://www.linkedin.com/in/shalini-tiwari-39448516b,,PixelMechanics | The e-Business Enablers,Human Resources Manager,06 Jun 2022
Neelam,Kholiya,https://www.linkedin.com/in/neelam-kholiya-4a6574114,,Samin TekMindz India Pvt Limited,Human Resources,04 Jun 2022
Ashutosh,Kumar Singh ,https://www.linkedin.com/in/ashutosh-kumar-singh-03975a18b,,Q2,Engineer Intern,22 Feb 2022
Abhishek,Gupta,https://www.linkedin.com/in/abhishek-gupta-b961b31a4,,OwnZap InfoSec,Security Engineer,17 Feb 2022
karishma,Hinduja,https://www.linkedin.com/in/karishma-hinduja-691264a4,,IndiaMART InterMESH Limited,HR - university Relation and Campus Hiring manager | Talent Acquisition Manager,02 Feb 2022
Yash,Gupta,https://www.linkedin.com/in/yashgupta9066,,GlobalLogic,SDE1 (Client -Google),01 Feb 2022
Prashitha,Bhatia,https://www.linkedin.com/in/prashitha-bhatia-181356145,,Self-employed,Director,01 Feb 2022
Pratyush,Negi,https://www.linkedin.com/in/pratyush-negi-a37b1420a,,,,17 Dec 2021
Pallavi,Kumari,https://www.linkedin.com/in/pallavi-kumari-750214211,,Codebix,Codebix,20 Nov 2021
D,Bh,https://www.linkedin.com/in/d-bh-6955b71a7,,,,20 Nov 2021
Mayank,Kumar,https://www.linkedin.com/in/mayank-kumar-1b873915b,,Talentrackr Technologies Pvt. Ltd.,Business Analyst,05 Oct 2021
Raj,Ramani,https://www.linkedin.com/in/ramaniraj,,Aktiv Software,Jr Odoo Developer,02 Oct 2021
Kajal,Kumari,https://www.linkedin.com/in/kajal-kumari-b740771bb,,,,26 Sep 2021
Millennium,Gupta ,https://www.linkedin.com/in/millennium-gupta-8b6901159,,Amazon,SDE 2,16 Sep 2021
Radhika,Chezhiyan,https://www.linkedin.com/in/radhika-chezhiyan,,Tech Mahindra,Software Programmer,12 Sep 2021
Jenifer,Rodriguez Vidal 🇨🇷,https://www.linkedin.com/in/jenifer-rodriguez-vidal-%F0%9F%87%A8%F0%9F%87%B7-61434948,,IBM,Senior Executive Administrative Assistant,11 Sep 2021
Vinita,Musuni,https://www.linkedin.com/in/vinita-m-92577b13b,,Cynet Corp,Team Lead - Talent Acquisition,09 Sep 2021
OBISE,MIKE,https://www.linkedin.com/in/obise-mike-942a64116,,Shuyan Foundation PTE. LTD,Chief Technology Officer,09 Sep 2021
Gaurav,Saini,https://www.linkedin.com/in/gaurav-saini-80049218a,,ASPB Services Pvt Ltd,Sr. Technical Recruiter (Account Manager),09 Sep 2021
Venkatesh,Kolapalli,https://www.linkedin.com/in/venkatesh-kolapalli-8011081b5,,Amazon,SDE Intern ,09 Sep 2021
Rohit,Yadav,https://www.linkedin.com/in/rohit-yadav-131912200,,Precisely,HR Associate,09 Sep 2021
Pankaj,Kalra,https://www.linkedin.com/in/campankaj,,Axtria - Ingenious Insights,Associate Director R&D (Products)/Product Management,09 Sep 2021
Sourav,Karmakar,https://www.linkedin.com/in/sourav-karmakar-8a5a77195,,BT,Performance reporting Analyst - Reporting - Business & HR,07 Sep 2021
Somya,Sethi,https://www.linkedin.com/in/somya-sethi-726900219,,Azure Hospitality Private Limited,Quality Assurance Executive,07 Sep 2021
Pratik,Agarwal,https://www.linkedin.com/in/pratik0agarwal,,Mande Chain,Building,07 Sep 2021
Anisha,Bharti,https://www.linkedin.com/in/anisha-bharti-ba235114b,,Typsy Beauty,Assistant Manager NPD,07 Sep 2021
Dinesh,Rout,https://www.linkedin.com/in/dineshrout7,,iServeU,Software Engineer,07 Sep 2021
Sumit kumar,Sukhwani,https://www.linkedin.com/in/sumit-kumar-sukhwani-47338b204,,Symbiotec Pharmalab Pvt. Ltd.,Human Resources Officer,05 Sep 2021
Naru Sai,Lohith,https://www.linkedin.com/in/naru-sai-lohith-481bab189,sainaru11@gmail.com,Quick Heal,OSINT ,05 Sep 2021
Nagaraju,Chiluka,https://www.linkedin.com/in/nagaraju-chiluka-325115133,,Plural Technology ,Associate Software Engineer,04 Sep 2021
Rohit,Pansare,https://www.linkedin.com/in/rohit-pansare-86610a194,,Accenture,Supply chain Senior Associate,04 Sep 2021
Vaibhav,Gupta,https://www.linkedin.com/in/vaibhav-gupta-16135a166,,Great Learning,Assistant Manager Talent Acquisition ,04 Sep 2021
Muskan,Agarwal  ,https://www.linkedin.com/in/muskanagarwall,,Cherrymedia,Founder,04 Sep 2021
Sachin,Singh,https://www.linkedin.com/in/sachin-singh-a224b11a4,,Mastech Digital,Recruiter,03 Sep 2021
Gulab ,Singh,https://www.linkedin.com/in/gulab-singh-26b670196,,uTrade Solutions,Software Engineer Intern,03 Sep 2021
Jayesh,Baibhav,https://www.linkedin.com/in/jayesh-baibhav,,Mu Sigma Inc.,Trainee Decision Scientist,03 Sep 2021
Deeksha,Yadav,https://www.linkedin.com/in/deeksha-yadav,,Genpact,Process Developer-Recruitment,03 Sep 2021
Jai,Singh,https://www.linkedin.com/in/jai-singh-5719631aa,,TRANSEARCH,Research Associate,03 Sep 2021
PRIYANKA,TONGER,https://www.linkedin.com/in/priyanka-tonger-887956216,,CFI exports,Human Resources Intern,02 Sep 2021