Source,FirstName,LastName,Companies,Title,Emails,PhoneNumbers,CreatedAt,Addresses,Sites,InstantMessageHandles,FullName,Birthday,Location,BookmarkedAt,Profiles
MOBILE_CONTACTS,Dexter,,,,," +919711168580, +61429538090","10/16/21, 9:47 PM",,,,,,,,
MOBILE_CONTACTS,Sushant Sir Java,,,,, +918470922024,"10/16/21, 9:47 PM",,,,,,,,
MOBILE_CONTACTS,Manish Chauhan,,,,, +919999898713,"10/16/21, 9:47 PM",,,,,,,,
MOBILE_CONTACTS,Aditi (G2 CR),,,,, +9779863244625,"10/16/21, 9:47 PM",,,,,,,,
MOBILE_CONTACTS,Kajal,,,,, +918529155255,"10/16/21, 9:47 PM",,,,,,,,
MOBILE_CONTACTS,Shatakshi,,,,, +916306972378,"10/16/21, 9:47 PM",,,,,,,,
MOBILE_CONTACTS,Kunal,,,,, +917291842899,"10/16/21, 9:47 PM",,,,,,,,
MOBILE_CONTACTS,Kaku,,,,, +917900756731,"10/16/21, 9:47 PM",,,,,,,,
MOBILE_CONTACTS,Vid ,,,,,836-8013659,"9/9/21, 1:30 PM",,,,,,,,
MOBILE_CONTACTS,Kia,Motars,,,, +919289284189,"8/31/21, 10:32 AM",,,,,,,,
MOBILE_CONTACTS,Ashutosh,,,,, +917011457724,"8/31/21, 10:32 AM",,,,,,,,
MOBILE_CONTACTS,Asthaaa,,,,, +919958348270,"8/31/21, 10:32 AM",,,,,,,,
MOBILE_CONTACTS,Aditya Negi,,,,, +919999319910,"8/31/21, 10:32 AM",,,,,,,,
MOBILE_CONTACTS,Aman,Bihari,,,, +919560345421,"8/31/21, 10:32 AM",,,,,,,,
MOBILE_CONTACTS,Baakde,,,,, +919013225972,"8/31/21, 10:32 AM",,,,,,,,
MOBILE_CONTACTS,Marvi,Personal,,,, +918448644416,"8/31/21, 10:32 AM",,,,,,,,
MOBILE_CONTACTS,Pankaj,Buyer Redmi,,,,7703843961,"8/31/21, 10:32 AM",,,,,,,,
MOBILE_CONTACTS,Ayush XII,,,,, +919958353313,"8/31/21, 10:32 AM",,,,,,,,
MOBILE_CONTACTS,Raj,11 C,,,, +917703947516,"8/31/21, 10:32 AM",,,,,,,,
MOBILE_CONTACTS,Shubhanshu,,,,,88004 17913,"8/31/21, 10:32 AM",,,,,,,,
MOBILE_CONTACTS,Tanisha,,,,, +919958253332,"8/31/21, 10:32 AM",,,,,,,,
MOBILE_CONTACTS,Mr Shoes,,,,,99241 94818,"8/31/21, 10:32 AM",,,,,,,,
MOBILE_CONTACTS,Rahul Barber,,,,,83759 17298,"8/31/21, 10:32 AM",,,,,,,,
MOBILE_CONTACTS,Sanju 2,,,,, +91 724-9965394,"8/31/21, 10:32 AM",,,,,,,,
MOBILE_CONTACTS,Atithi,Hotel,,,, +919717177890,"8/31/21, 10:32 AM",,,,,,,,
MOBILE_CONTACTS,Aditya,Mohanty,,,, +919250708763,"8/31/21, 10:32 AM",,,,,,,,
MOBILE_CONTACTS,Hitender ,Sir,,,, +917836870091,"8/31/21, 10:32 AM",,,,,,,,
MOBILE_CONTACTS,Divyam,,,,, +918076994529,"8/31/21, 10:32 AM",,,,,,,,
MOBILE_CONTACTS,Bhola 2,,,,,74288 41692,"8/31/21, 10:32 AM",,,,,,,,
MOBILE_CONTACTS,Monitor,,,,,9599821631,"8/31/21, 10:32 AM",,,,,,,,
MOBILE_CONTACTS,Bhavya,,,,,836-8978798,"8/31/21, 10:32 AM",,,,,,,,
MOBILE_CONTACTS,Kunal,tution,,,, +918130098796,"8/31/21, 10:32 AM",,,,,,,,
MOBILE_CONTACTS,Kriti,,,,, +919560797447,"8/31/21, 10:32 AM",,,,,,,,
MOBILE_CONTACTS,Marvi,,,,, +918587049190,"8/31/21, 10:32 AM",,,,,,,,
MOBILE_CONTACTS,Chemistry,,,,,9540649895,"8/31/21, 10:32 AM",,,,,,,,
MOBILE_CONTACTS,B,,,,, +919911078238,"8/31/21, 10:32 AM",,,,,,,,
MOBILE_CONTACTS,Hritik,,,,,8810595268,"8/31/21, 10:32 AM",,,,,,,,
MOBILE_CONTACTS,Sanju,,,,, +918882278161,"8/31/21, 10:32 AM",,,,,,,,
MOBILE_CONTACTS,Vanshika,,,,,70422 49595,"8/31/21, 10:32 AM",,,,,,,,
MOBILE_CONTACTS,Ginni,,,,, +918377915224,"8/31/21, 10:32 AM",,,,,,,,
MOBILE_CONTACTS,Swati,,,,, +918929811972,"8/31/21, 10:32 AM",,,,,,,,
MOBILE_CONTACTS,Manish,Computer,,,,74099 09829,"8/31/21, 10:32 AM",,,,,,,,
MOBILE_CONTACTS,Deepika,,,,,97175 12380,"8/31/21, 10:32 AM",,,,,,,,
MOBILE_CONTACTS,Ankit,,,,, +918506900024,"8/31/21, 10:32 AM",,,,,,,,
MOBILE_CONTACTS,,,,,, +919643494050,"8/31/21, 10:32 AM",,,,,,,,
MOBILE_CONTACTS,Deepak,Rawat(DM),,,,99976 55555,"8/31/21, 10:32 AM",,,,,,,,
MOBILE_CONTACTS,Umang,,,,,98998 48772,"8/31/21, 10:32 AM",,,,,,,,
MOBILE_CONTACTS,Printing Press,,,,,93139 36099,"8/31/21, 10:32 AM",,,,,,,,
MOBILE_CONTACTS,Shivam 3,,,,,96505 48775,"8/31/21, 10:32 AM",,,,,,,,
MOBILE_CONTACTS,Priyanshu,,,,,83839 95579,"8/31/21, 10:32 AM",,,,,,,,
MOBILE_CONTACTS,Vikas New,,,,, +917834903360,"8/31/21, 10:32 AM",,,,,,,,
MOBILE_CONTACTS,Sumit,,,,, +919458518262,"8/31/21, 10:32 AM",,,,,,,,
MOBILE_CONTACTS,Apoorv,2,,,,7290921306,"8/31/21, 10:32 AM",,,,,,,,
MOBILE_CONTACTS,Apoorv,,,,,7303421995,"8/31/21, 10:32 AM",,,,,,,,
MOBILE_CONTACTS,Suryansh,,,,,9625091115,"8/31/21, 10:32 AM",,,,,,,,
MOBILE_CONTACTS,Arpit,Bhati,,,, +919560274700,"8/31/21, 10:32 AM",,,,,,,,
MOBILE_CONTACTS,2,,,,,85870 49828,"8/31/21, 10:32 AM",,,,,,,,
MOBILE_CONTACTS,Tanuja,1,,,, +91 85870 49828,"8/31/21, 10:32 AM",,,,,,,,
MOBILE_CONTACTS,?,,,,, +91 98919 26651,"8/31/21, 10:32 AM",,,,,,,,
MOBILE_CONTACTS,Cc,,,,, +91 96501 13685,"8/31/21, 10:32 AM",,,,,,,,
MOBILE_CONTACTS,Paper,Wala,,,,92054 30828,"8/31/21, 10:32 AM",,,,,,,,
MOBILE_CONTACTS,Aniket,Rawal,,,, +91 99532 24091,"8/31/21, 10:32 AM",,,,,,,,
MOBILE_CONTACTS,Siddhant,,,,, +91 97169 38360,"8/31/21, 10:32 AM",,,,,,,,
MOBILE_CONTACTS,Aditya~4,,,,, +91 92055 33919,"8/31/21, 10:32 AM",,,,,,,,
MOBILE_CONTACTS,Ronit,,,,,98210 67127,"8/31/21, 10:32 AM",,,,,,,,
MOBILE_CONTACTS,Pratyush,,,,,87 50 264991,"8/31/21, 10:32 AM",,,,,,,,
MOBILE_CONTACTS,Science,Mam,,,, +91 99106 83962,"8/31/21, 10:32 AM",,,,,,,,
MOBILE_CONTACTS,Shreyansh,,,,, +91 96437 75723,"8/31/21, 10:32 AM",,,,,,,,
MOBILE_CONTACTS,Ipsit,,,,,97 11 128424,"8/31/21, 10:32 AM",,,,,,,,
MOBILE_CONTACTS,Shalini,,,,,93126 01298,"8/31/21, 10:32 AM",,,,,,,,
MOBILE_CONTACTS,Gaurav,,,,, +91 95602 29881,"8/31/21, 10:32 AM",,,,,,,,
MOBILE_CONTACTS,Rohan,Landline,,,, +91 120 428 1179,"8/31/21, 10:32 AM",,,,,,,,
MOBILE_CONTACTS,Sanjana,,,,, +91 98715 96214,"8/31/21, 10:32 AM",,,,,,,,
MOBILE_CONTACTS,Brand,Maniac,,,,087 50 070021,"8/31/21, 10:32 AM",,,,,,,,
MOBILE_CONTACTS,Overwatch,1700₹,,,, +91 90519 19294,"8/31/21, 10:32 AM",,,,,,,,
MOBILE_CONTACTS,Naman,,,,, +91 7835 840 110,"8/31/21, 10:32 AM",,,,,,,,
MOBILE_CONTACTS,Rudraksh,,,,, +91 836 887 9887,"8/31/21, 10:32 AM",,,,,,,,
MOBILE_CONTACTS,Dexter,,,,, +91 97111 68580,"8/31/21, 10:32 AM",,,,,,,,
MOBILE_CONTACTS,Aditya,Bharadwaj,,,, +91 721 006 2054,"8/31/21, 10:32 AM",,,,,,,,
MOBILE_CONTACTS,Satyam,,,,,83759 14090,"8/31/21, 10:32 AM",,,,,,,,
MOBILE_CONTACTS,Siddhant,,,,, +91 7011 885 831,"8/31/21, 10:32 AM",,,,,,,,
MOBILE_CONTACTS,Ayush,Khari,,,, +91 98732 81444,"8/31/21, 10:32 AM",,,,,,,,
MOBILE_CONTACTS,Sparsh,,,,, +91 7701 913 911,"8/31/21, 10:32 AM"," City: State: Country:India Postal Code: Type:_$!<Work>!$_ Primary:No, India City: State: Country: Postal Code: Type:_$!<Work>!$_ Primary:No",,,,,,,
MOBILE_CONTACTS,Mummy,,,,, +91 92 13 096423,"8/31/21, 10:32 AM",,,,,,,,
MOBILE_CONTACTS,1,,,,,99101 25574,"8/31/21, 10:32 AM",,,,,,,,
MOBILE_CONTACTS,Tanuja,2,,,, +91 93113 69665,"8/31/21, 10:32 AM",,,,,,,,
MOBILE_CONTACTS,Urduline,,,,,98702 47500,"8/31/21, 10:32 AM",,,,,,,,
MOBILE_CONTACTS,Papa,,,,,98683 61788,"8/31/21, 10:32 AM",,,,,,,,
MOBILE_CONTACTS,Saloni,,,,, +91 95822 09985,"8/31/21, 10:32 AM",,,,,,,,
MOBILE_CONTACTS,Vishu,,,,, +91 84679 05736,"8/31/21, 10:32 AM",,,,,,,,
MOBILE_CONTACTS,Arpit,,,,, +91 99582 99527,"8/31/21, 10:32 AM",,,,,,,,
MOBILE_CONTACTS,Tushar,,,,, +91 81 30 622309,"8/31/21, 10:32 AM",,,,,,,,
MOBILE_CONTACTS,Vevek,,,,, +91 99 97 366503,"8/31/21, 10:32 AM",,,,,,,,
MOBILE_CONTACTS,Prabal,,,,,99991 38612,"8/31/21, 10:32 AM",,,,,,,,
MOBILE_CONTACTS,Unknown,,,,, +91 7361 889 415,"8/31/21, 10:32 AM",,,,,,,,
MOBILE_CONTACTS,Ashutosh,,,,, +91 97189 41644,"8/31/21, 10:32 AM",,,,,,,,
MOBILE_CONTACTS,Prashant,,,,, +91 70423 33428,"8/31/21, 10:32 AM",,,,,,,,
MOBILE_CONTACTS,Sparsh,Rana,,,, +91 84472 12360,"8/31/21, 10:32 AM",,,,,,,,
MOBILE_CONTACTS,Tushar,Jio,,,, +91 8920 931 684,"8/31/21, 10:32 AM",,,,,,,,
MOBILE_CONTACTS,Aditi,,,,, +91 87448 89570,"8/31/21, 10:32 AM",,,,,,,,
MOBILE_CONTACTS,Ashish,Dealer,,,,76238 81701,"8/31/21, 10:32 AM",,,,,,,,
MOBILE_CONTACTS,Mili,,,,,99100 19045,"8/31/21, 10:32 AM",,,,,,,,
MOBILE_CONTACTS,Arun,,,,, +91 70534 99581,"8/31/21, 10:32 AM",,,,,,,,
MOBILE_CONTACTS,Sharik,,,,, +91 95409 40038,"8/31/21, 10:32 AM",,,,,,,,
MOBILE_CONTACTS,Amaan,Personal),,,, +91 96670 11242,"8/31/21, 10:32 AM",,,,,,,,
MOBILE_CONTACTS,Chashme,Wali,,,, +91 98189 19316,"8/31/21, 10:32 AM",,,,,,,,
MOBILE_CONTACTS,Rohan,,,,, +91 96675 88825,"8/31/21, 10:32 AM",,,,,,,,
MOBILE_CONTACTS,Deepu,,,,, +91 870 047 1184,"8/31/21, 10:32 AM",,,,,,,,
MOBILE_CONTACTS,Avinash,,,,,98919 09137,"8/31/21, 10:32 AM",,,,,,,,
MOBILE_CONTACTS,Small Shop 2aa,Awwqa,,,,99908 31089,"8/31/21, 10:32 AM",,,,,,,,
MOBILE_CONTACTS,Sonia's,Dad,,,,99115 40090,"8/31/21, 10:32 AM",,,,,,,,
MOBILE_CONTACTS,Abhigyaan,,,,, +91 98711 39111,"8/31/21, 10:32 AM",,,,,,,,
MOBILE_CONTACTS,Anshit,,,,, +91 96508 96025,"8/31/21, 10:32 AM",,,,,,,,
MOBILE_CONTACTS,Prarthak,,,,, +91 92059 07033,"8/31/21, 10:32 AM",,,,,,,,
MOBILE_CONTACTS,Papa,2,,,, +91 99 90 908768,"8/31/21, 10:32 AM",,,,,,,,
MOBILE_CONTACTS,Nishant,Rausa,,,, +91 99106 63234,"8/31/21, 10:32 AM",,,,,,,,
MOBILE_CONTACTS,Jio,No,,,,8920 956 366,"8/31/21, 10:32 AM",,,,,,,,
MOBILE_CONTACTS,Gujjar,,,,, +91 99115 28834,"8/31/21, 10:32 AM",,,,,,,,
MOBILE_CONTACTS,Pagal,,,,, +91 85276 93116,"8/31/21, 10:32 AM",,,,,,,,
MOBILE_CONTACTS,Priyanshu,Nagar,,,, +91 82852 71525,"8/31/21, 10:32 AM",,,,,,,,
MOBILE_CONTACTS,Anubhav(One+3t),,,,, +91 99901 77333,"8/31/21, 10:32 AM",,,,,,,,
MOBILE_CONTACTS,Babu,,,,, +91 870 085 1482,"8/31/21, 10:32 AM",,,,,,,,
MOBILE_CONTACTS,Gullu,Bhai,,,, +91 99997 72192,"8/31/21, 10:32 AM",,,,,,,,
MOBILE_CONTACTS,Tanu,,,,, +91 88105 52014,"8/31/21, 10:32 AM",,,,,,,,
MOBILE_CONTACTS,Richa,Mam(Tuition),,,,99111 99593,"8/31/21, 10:32 AM",,,,,,,,
MOBILE_CONTACTS,Myntra,,,,,7042 197 494,"8/31/21, 10:32 AM",,,,,,,,
MOBILE_CONTACTS,Kanishka,,,,, +91 96540 93015,"8/31/21, 10:32 AM",,,,,,,,
MOBILE_CONTACTS,Mohit,,,,, +91 99 90 050287,"8/31/21, 10:32 AM",,,,,,,,
MOBILE_CONTACTS,Gta,Hacker,,,,971507920997,"8/31/21, 10:32 AM",,,,,,,,
MOBILE_CONTACTS,Don,,,,, +91 95603 77318,"8/31/21, 10:32 AM",,,,,,,,
MOBILE_CONTACTS,Shakhir,1,,,,93120 45055,"8/31/21, 10:32 AM",,,,,,,,
MOBILE_CONTACTS,Dhruv,,,,,98736 68008,"8/31/21, 10:32 AM",,,,,,,,
MOBILE_CONTACTS,Anuj,Bhai,,,,99994 46272,"8/31/21, 10:32 AM",,,,,,,,
MOBILE_CONTACTS,Dsc,,,,, +91 81308 52708,"8/31/21, 10:32 AM",,,,,,,,
MOBILE_CONTACTS,Rohan's,Mom,,,, +91 98730 00891,"8/31/21, 10:32 AM",,,,,,,,
MOBILE_CONTACTS,Soumil,,,,, +91 98 11 047125,"8/31/21, 10:32 AM",,,,,,,,
MOBILE_CONTACTS,Cyber,Buyer,,,, +91 98918 54812,"8/31/21, 10:32 AM",,,,,,,,
MOBILE_CONTACTS,Shubham,Jhoshi,,,, +91 99990 77022,"8/31/21, 10:32 AM",,,,,,,,
MOBILE_CONTACTS,SPAM,,,,," +911400854130, +914071320650, +914471619117, +918037201186, +911400854136, +914071321031, +911206085300, +912250044908, +911161196371, +918037201362, +918037803743, +918037811050, +918037804166, +912268231481, +911244594200, +911400362127, +911400854127, +911408970068, +911135271201, +911204638800","8/31/21, 10:32 AM",,,,,,,,
MOBILE_CONTACTS,Anupam,,,,, +918292943921,"8/31/21, 10:32 AM",,,,,,,,
MOBILE_CONTACTS,Vijay Joti Kiran (female Dog),,,,, +917011957884,"8/31/21, 10:32 AM",,,,,,,,
MOBILE_CONTACTS,Rama ,Maliya,,,, +919979273876,"8/31/21, 10:32 AM",,,,,,,,
MOBILE_CONTACTS,Chunnu,,,,, +918851534701,"8/31/21, 10:32 AM",,,,,,,,
MOBILE_CONTACTS,Varun Mohan,Mentor ,,,, +918630589351,"8/31/21, 10:32 AM",,,,,,,,
MOBILE_CONTACTS,Shukla Uncle Bsf,,,,,9971332399,"8/31/21, 10:32 AM",,,,,,,,
MOBILE_CONTACTS,Sushmita ,,,,,99101 11097,"8/31/21, 10:32 AM",,,,,,,,
MOBILE_CONTACTS,Ujjwal 2 Sharda,,,,, +918860053536,"8/31/21, 10:32 AM",,,,,,,,
MOBILE_CONTACTS,Prashant Pcm Personal,,,,, +918826319323,"8/31/21, 10:32 AM",,,,,,,,
MOBILE_CONTACTS,Soniaaa,,,,, +919958045382,"8/31/21, 10:32 AM",,,,,,,,
MOBILE_CONTACTS,Sarthak,,,,, +919953061409,"8/31/21, 10:32 AM",,,,,,,,
MOBILE_CONTACTS,Akhya,,,,,79-82077160,"8/31/21, 10:32 AM",,,,,,,,
MOBILE_CONTACTS,Manik,,,,, +919910049500,"8/31/21, 10:32 AM",,,,,,,,
MOBILE_CONTACTS,Maxy,,,,, +919974867981,"8/31/21, 10:32 AM",,,,,,,,
MOBILE_CONTACTS,Akash Personal,,,,,93114 58106,"8/31/21, 10:32 AM",,,,,,,,
MOBILE_CONTACTS,Ghansham Oyo,,,,,96508 32897,"8/31/21, 10:32 AM",,,,,,,,
MOBILE_CONTACTS,Gift Shop,,,,,97173 43419,"8/31/21, 10:32 AM",,,,,,,,
MOBILE_CONTACTS,Kuldeep,,,,, +91 98182 18798,"8/31/21, 10:32 AM",,,,,,,,
MOBILE_CONTACTS,Harsh,,,,, +91 93113 57843,"8/31/21, 10:32 AM",,,,,,,,
MOBILE_CONTACTS,Harsh,,,,, +91 82855 72455,"8/31/21, 10:32 AM",,,,,,,,
MOBILE_CONTACTS,Nitin,,,,, +919958740508,"8/31/21, 10:32 AM",,,,,,,,
MOBILE_CONTACTS,,,,,,6663 330,"8/31/21, 10:32 AM",,,,,,,,
MOBILE_CONTACTS,Sanchit,,,,, +91 98 10 908226,"8/31/21, 10:32 AM",,,,,,,,
MOBILE_CONTACTS,Pushkar,,,,,73030 53899,"8/31/21, 10:32 AM",,,,,,,,
MOBILE_CONTACTS,Nishu,,,,,98189 04747,"8/31/21, 10:32 AM",,,,,,,,
MOBILE_CONTACTS,Customised Gift Shop,,,,,09871307486,"8/31/21, 10:32 AM",,,,,,,,
MOBILE_CONTACTS,Meet ,Bhaiya,,,, +917042141581,"8/31/21, 10:32 AM",,,,,,,,
MOBILE_CONTACTS,Ashutosh,,,,, +919315033093,"8/31/21, 10:32 AM",,,,,,,,
MOBILE_CONTACTS,Ramsha,Sharda,,,, +917893133356,"8/31/21, 10:32 AM",,,,,,,,
MOBILE_CONTACTS,Ritika,Sharda,,,, +918527619664,"8/31/21, 10:32 AM",,,,,,,,
MOBILE_CONTACTS,Aditya,,,,, +917388585736,"8/31/21, 10:32 AM",,,,,,,,
MOBILE_CONTACTS,Afreen,Basir,,,, +919149637129,"8/31/21, 10:32 AM",,,,,,,,
MOBILE_CONTACTS,Ujjwal Sharma,,,,, +919582595080,"8/31/21, 10:32 AM",,,,,,,,
MOBILE_CONTACTS,Divyam’s Sister,,,,,99589 31990,"8/31/21, 10:32 AM",,,,,,,,
MOBILE_CONTACTS,Lakshay,,,,, +917048964427,"8/31/21, 10:32 AM",,,,,,,,
MOBILE_CONTACTS,Komal Kingra Warzone,,,,, +61433914470,"8/31/21, 10:32 AM",,,,,,,,
MOBILE_CONTACTS,Blue Warzone,,,,, +919997990440,"8/31/21, 10:32 AM",,,,,,,,
MOBILE_CONTACTS,Ajay Warzone,,,,, +919569963396,"8/31/21, 10:32 AM",,,,,,,,
MOBILE_CONTACTS,Para Sf Raj,,,,, +918056059684,"8/31/21, 10:32 AM",,,,,,,,
MOBILE_CONTACTS,,,,,, +919540797707,"8/31/21, 10:32 AM",,,,,,,,
MOBILE_CONTACTS,Tania ,,,,, +917439680905,"8/31/21, 10:32 AM",,,,,,,,
MOBILE_CONTACTS,Muskan Sharda,,,,, +917678572843,"8/31/21, 10:32 AM",,,,,,,,
MOBILE_CONTACTS,Faze Up Tanishq,,,,, +918603770265,"8/31/21, 10:32 AM",,,,,,,,
MOBILE_CONTACTS,Hobbs,,,,, +917702457545,"8/31/21, 10:32 AM",,,,,,,,
MOBILE_CONTACTS,Tania,,,,, +918420442855,"8/31/21, 10:32 AM",,,,,,,,
MOBILE_CONTACTS,AbhiGupta,,,,, +917017579179,"8/31/21, 10:32 AM",,,,,,,,
MOBILE_CONTACTS,Pandey Sir (Phy161),,,,, +918953258935,"8/31/21, 10:32 AM",,,,,,,,
MOBILE_CONTACTS,Arslan New Number,,,,, +917042782894,"8/31/21, 10:32 AM",,,,,,,,
MOBILE_CONTACTS,Nitesh Sir (MEP),,,,, +919958997721,"8/31/21, 10:32 AM",,,,,,,,
MOBILE_CONTACTS,Sachin,,,,,98214 43877,"8/31/21, 10:32 AM",,,,,,,,
MOBILE_CONTACTS,Shubhank,,,,, +919540210590,"8/31/21, 10:32 AM",,,,,,,,
MOBILE_CONTACTS,Saksham ,Warzone,,,, +917354491941,"8/31/21, 10:32 AM",,,,,,,,
MOBILE_CONTACTS,Vedant,,,,, +918860402120,"8/31/21, 10:32 AM",,,,,,,,
MOBILE_CONTACTS,Shrishti,,,,, +917505171543,"8/31/21, 10:32 AM",,,,,,,,
MOBILE_CONTACTS,Pc Buyer,,,,, +919560056535,"8/31/21, 10:32 AM",,,,,,,,
MOBILE_CONTACTS,Mr Beast,,,,,91725 96364,"8/31/21, 10:32 AM",,,,,,,,
MOBILE_CONTACTS,Manisha Mam,,,,,836-8642894,"8/31/21, 10:32 AM",,,,,,,,
MOBILE_CONTACTS,Craze,,,,, +919382106046,"8/31/21, 10:32 AM",,,,,,,,
MOBILE_CONTACTS,,Amit Upadya Coordinator,,,, +919718342590,"8/31/21, 10:32 AM",,,,,,,,
MOBILE_CONTACTS,Junnu,,,,, +918639180362,"8/31/21, 10:32 AM",,,,,,,,
MOBILE_CONTACTS,Kapil,,,,,"88515980975, +918851598075","8/31/21, 10:32 AM",,,,,,,,
MOBILE_CONTACTS,Kunal (val),,,,,98185 45195,"8/31/21, 10:32 AM",,,,,,,,
MOBILE_CONTACTS,Saksham,,,,,724-7285691,"8/31/21, 10:32 AM",,,,,,,,
MOBILE_CONTACTS,Swami G,,,,,85159 41461,"8/31/21, 10:32 AM",,,,,,,,
MOBILE_CONTACTS,Tushar ,Bhati,,,,08294453220,"8/31/21, 10:32 AM",,,,,,,,
MOBILE_CONTACTS,Sidharth ,,,,, +919810090047,"8/31/21, 10:32 AM",,,,,,,,
MOBILE_CONTACTS,Airtel Change,,,,,93897 77754,"8/31/21, 10:32 AM",,,,,,,,
MOBILE_CONTACTS,Veer,Sharma,,,, +918860991884,"8/31/21, 10:32 AM",,,,,,,,
MOBILE_CONTACTS,Varun (RaiseHell),,,,, +916284690050,"8/31/21, 10:32 AM",,,,,,,,
MOBILE_CONTACTS,Tounament,,,,, +917388223553,"8/31/21, 10:32 AM",,,,,,,,
MOBILE_CONTACTS,Cheena2,,,,, +918368615631,"8/31/21, 10:32 AM",,,,,,,,
MOBILE_CONTACTS,Anubhav 2,,,,, +919315700678,"8/31/21, 10:32 AM",,,,,,,,
MOBILE_CONTACTS,Kia ,Test Drive,,,, +918929704142,"8/31/21, 10:32 AM",,,,,,,,
MOBILE_CONTACTS,Vithal Business,,,,,79997 26828,"8/31/21, 10:32 AM",,,,,,,,
MOBILE_CONTACTS,Swati,,,,, +91 72177 32072,"8/31/21, 10:32 AM",,,,,,,,
MOBILE_CONTACTS,Shivam 2,,,,,94580 11997,"8/31/21, 10:32 AM",,,,,,,,
MOBILE_CONTACTS,Shivam,,,,,78273 46668,"8/31/21, 10:32 AM",,,,,,,,
MOBILE_CONTACTS,Jagat Farm,Biryani,,,,89231 58978,"8/31/21, 10:32 AM",,,,,,,,
MOBILE_CONTACTS,Nikhil,,,,, +917599080064,"8/31/21, 10:32 AM",,,,,,,,
MOBILE_CONTACTS,Ritik,Vats,,,, +91 88609 25628,"8/31/21, 10:32 AM",,,,,,,,
MOBILE_CONTACTS,Astha,,,,, +91 99713 24448,"8/31/21, 10:32 AM",,,,,,,,
MOBILE_CONTACTS,Arpit Bhati Ji Badmosh,,,,,0120-4573495,"8/31/21, 10:32 AM",,,,,,,,
MOBILE_CONTACTS,Rashmi Mam,,,,,98911 57725,"8/31/21, 10:32 AM",,,,,,,,
MOBILE_CONTACTS,,,,,, +917505691408,"8/31/21, 10:32 AM",,,,,,,,
MOBILE_CONTACTS,Priyanshu,Sahu,,,, +91 97188 07204,"8/31/21, 10:32 AM",,,,,,,,
MOBILE_CONTACTS,Mummy,2,,,, +91 70652 96103,"8/31/21, 10:32 AM",,,,,,,,
MOBILE_CONTACTS,,,,,,87507 00092,"8/31/21, 10:32 AM",,,,,,,,
MOBILE_CONTACTS,Chirag,,,,, +919718264949,"8/31/21, 10:32 AM",,,,,,,,
MOBILE_CONTACTS,Harsh,Junior,,,, +919870461147,"8/31/21, 10:32 AM",,,,,,,,
MOBILE_CONTACTS,Arpit,2,,,,7838553675,"8/31/21, 10:32 AM",,,,,,,,
MOBILE_CONTACTS,Dont Pickup,,,,, +918010027484,"8/31/21, 10:32 AM",,,,,,,,
MOBILE_CONTACTS,Prince,Mom,,,, +918700243659,"8/31/21, 10:32 AM",,,,,,,,
MOBILE_CONTACTS,Gaurav Teja,,,,,09911500055,"8/31/21, 10:32 AM",,,,,,,,
MOBILE_CONTACTS,Prashant,Pcm,,,,8448-773660,"8/31/21, 10:32 AM",,,,,,,,
MOBILE_CONTACTS,Japan,,,,, +919999308051,"8/31/21, 10:32 AM",,,,,,,,
MOBILE_CONTACTS,Shubham,Bachas,,,, +918882633383,"8/31/21, 10:32 AM",,,,,,,,
MOBILE_CONTACTS,Max Cafe Owner,,,,,9999555900,"8/31/21, 10:32 AM",,,,,,,,
MOBILE_CONTACTS,Max Cafe 1,,,,, +919667697946,"8/31/21, 10:32 AM",,,,,,,,
MOBILE_CONTACTS,Mug,,,,,91367 91691,"8/31/21, 10:32 AM",,,,,,,,
MOBILE_CONTACTS,Omkar,,,,,82260 81593,"8/31/21, 10:32 AM",,,,,,,,
MOBILE_CONTACTS,Rohit New,,,,,98716 30679,"8/31/21, 10:32 AM",,,,,,,,
MOBILE_CONTACTS,So,,,,,9873303474,"8/31/21, 10:32 AM",,,,,,,,
MOBILE_CONTACTS,Mani,,,,,99907 90115,"8/31/21, 10:32 AM",,,,,,,,
MOBILE_CONTACTS,Sonia’s Didi,,,,,70422 41670,"8/31/21, 10:32 AM",,,,,,,,
MOBILE_CONTACTS,Dev,,,,, +919540236995,"8/31/21, 10:32 AM",,,,,,,,
MOBILE_CONTACTS,Abhishek,,,,,9871084453,"8/31/21, 10:32 AM",,,,,,,,
MOBILE_CONTACTS,Sonia’s Masi,,,,, +91 98749 26193,"8/31/21, 10:32 AM",,,,,,,,
MOBILE_CONTACTS,Bhola,,,,,087503 00092,"8/31/21, 10:32 AM",,,,,,,,
MOBILE_CONTACTS,Unkno,,,,,8279-346854,"8/31/21, 10:32 AM",,,,,,,,
MOBILE_CONTACTS,Sonu,Abc,,,,78309 27932,"8/31/21, 10:32 AM",,,,,,,,
MOBILE_CONTACTS,Prince,2,,,, +918178914026,"8/31/21, 10:32 AM",,,,,,,,
MOBILE_CONTACTS,Chankush,,,,, +918920124132,"8/31/21, 10:32 AM",,,,,,,,
MOBILE_CONTACTS,Rohit,Whatsapp,,,,98716 30678,"8/31/21, 10:32 AM",,,,,,,,
MOBILE_CONTACTS,Fashion Planet,,,,,79999 29595,"8/31/21, 10:32 AM",,,,,,,,
MOBILE_CONTACTS,Vasu Bhai,,,,, +91 99716 88376,"8/31/21, 10:32 AM",,,,,,,,
MOBILE_CONTACTS,Aditya,Singh,,,, +91 96673 63175,"8/31/21, 10:32 AM",,,,,,,,
MOBILE_CONTACTS,Prince’s,Dad,,,, +919717014533,"8/31/21, 10:32 AM",,,,,,,,
MOBILE_CONTACTS,Yash,Verma,,,, +91 77039 67601,"8/31/21, 10:32 AM",,,,,,,,
MOBILE_CONTACTS,,,,,,78279 83820,"8/31/21, 10:32 AM",,,,,,,,
MOBILE_CONTACTS,Sanchit,,,,, +91 8920 459 538,"8/31/21, 10:32 AM",,,,,,,,
MOBILE_CONTACTS,Tanuja,,,,, +91 84670 92310,"8/31/21, 10:32 AM",,,,,,,,
MOBILE_CONTACTS,Rohit,,,,,98 52 448541,"8/31/21, 10:32 AM",,,,,,,,
MOBILE_CONTACTS,Tanuja,,,,, +91 98736 80324,"8/31/21, 10:32 AM",,,,,,,,
MOBILE_CONTACTS,Raj,(Airtel),,,,97175 14440,"8/31/21, 10:32 AM",,,,,,,,
MOBILE_CONTACTS,Rohit,Shetty,,,, +91 83769 72318,"8/31/21, 10:32 AM",,,,,,,,
MOBILE_CONTACTS,Amaan,Mustafa,,,, +91 95406 27977,"8/31/21, 10:32 AM",,,,,,,,
MOBILE_CONTACTS,Virender,Sir,,,,98184 56552,"8/31/21, 10:32 AM",,,,,,,,
MOBILE_CONTACTS,Sonia 2,,,,,99 11 450090,"8/31/21, 10:32 AM",,,,,,,,
MOBILE_CONTACTS,Prince,,,,, +918920926464,"8/31/21, 10:32 AM",,,,,,,,
MOBILE_CONTACTS,Tanuja's,Home,,,, +91 90154 41251,"8/31/21, 10:32 AM",,,,,,,,
MOBILE_CONTACTS,Koustubh,,,,, +91 97 16 590117,"8/31/21, 10:32 AM",,,,,,,,
MOBILE_CONTACTS,Sonia 3,,,,, +919654119041,"8/31/21, 10:32 AM",,,,,"{month=5, day=27, year=2002}",,,
MOBILE_CONTACTS,Sumit,,,,, +91 99991 58895,"8/31/21, 10:32 AM",,,,,,,,
MOBILE_CONTACTS,Dealer,,,,,97126 74693,"8/31/21, 10:32 AM",,,,,,,,
MOBILE_CONTACTS,Mohit,Mobiwik,,,,75994 27724,"8/31/21, 10:32 AM",,,,,,,,
MOBILE_CONTACTS,Rahul,(Crystal),,,,99532 94184,"8/31/21, 10:32 AM",,,,,,,,
MOBILE_CONTACTS,Poonam,Mam,,,,99100 01834,"8/31/21, 10:32 AM",,,,,,,,
MOBILE_CONTACTS,Dron,,,,, +91 98992 13298,"8/31/21, 10:32 AM",,,,,,,,
MOBILE_CONTACTS,Shakhir,,,,, +91 99712 03682,"8/31/21, 10:32 AM",,,,,,,,
MOBILE_CONTACTS,Vasu,,,,,98993 56095,"8/31/21, 10:32 AM",,,,,,,,
MOBILE_CONTACTS,Ice,Cream,,,,70801 91270,"8/31/21, 10:32 AM",,,,,,,,
MOBILE_CONTACTS,Dress,Store,,,,98701 45497,"8/31/21, 10:32 AM",,,,,,,,
MOBILE_CONTACTS,Nishant,2,,,, +91 76781 47934,"8/31/21, 10:32 AM",,,,,,,,
MOBILE_CONTACTS,Kush,,,,, +91 98183 17828,"8/31/21, 10:32 AM",,,,,,,,
MOBILE_CONTACTS,Akash,Didi,,,,88261 80833,"8/31/21, 10:32 AM",,,,,,,,
MOBILE_CONTACTS,Rohit,2,,,, +91 88608 25383,"8/31/21, 10:32 AM",,,,,,,,
MOBILE_CONTACTS,Santosh,Idli,,,,98739 09473,"8/31/21, 10:32 AM",,,,,,,,
MOBILE_CONTACTS,CheenA,,,,,98996 68592,"8/31/21, 10:32 AM",,,,,,,,
MOBILE_CONTACTS,Dhruv,Goel,,,,85860 66308,"8/31/21, 10:32 AM",,,,,,,,
MOBILE_CONTACTS,Tushar,Bhati,,,, +91 98 10 096281,"8/31/21, 10:32 AM",,,,,,,,
MOBILE_CONTACTS,Ranjan,,,,, +91 99110 52201,"8/31/21, 10:32 AM",,,,,,,,
MOBILE_CONTACTS,Harsh,Sharma,,,, +91 8851 146 510,"8/31/21, 10:32 AM",,,,,,,,
MOBILE_CONTACTS,Vaibhav,Garg,,,, +91 84474 69567,"8/31/21, 10:32 AM",,,,,,,,
MOBILE_CONTACTS,Harsh,Vardhan,,,, +91 8851 705 806,"8/31/21, 10:32 AM",,,,,,,,
MOBILE_CONTACTS,Doctor,Dog,,,,98736 05979,"8/31/21, 10:32 AM",,,,,,,,
MOBILE_CONTACTS,Kuldeep,Yadav,,,, +91 78358 85404,"8/31/21, 10:32 AM",,,,,,,,
MOBILE_CONTACTS,Pratul,,,,, +91 87 43 878244,"8/31/21, 10:32 AM",,,,,,,,
MOBILE_CONTACTS,Anil Sir,,,,, +91 97169 58228,"8/31/21, 10:32 AM",,,,,,,,
MOBILE_CONTACTS,Kuldeep,2,,,, +91 8920 718 106,"8/31/21, 10:32 AM",,,,,,,,
MOBILE_CONTACTS,Kartikey,,,,, +91 98899 85588,"8/31/21, 10:32 AM",,,,,,,,
MOBILE_CONTACTS,Anubhav,,,,, +91 80105 43839,"8/31/21, 10:32 AM",,,,,,,,
MOBILE_CONTACTS,Lalit,,,,, +918700149582,"8/31/21, 10:32 AM",,,,,,,,
MOBILE_CONTACTS,Ashima,,,,,9711728284,"8/31/21, 10:32 AM",,,,,,,,
MOBILE_CONTACTS,Brand,Store 19,,,,98818 87509,"8/31/21, 10:32 AM",,,,,,,,
MOBILE_CONTACTS,Bhumi,,,,,99903 76531,"8/31/21, 10:32 AM",,,,,,,,
MOBILE_CONTACTS,,,,,,98714 83788,"8/31/21, 10:32 AM",,,,,,,,
MOBILE_CONTACTS,Amaan,Khan,,,, +91 84488 75082,"8/31/21, 10:32 AM",,,,,,,,
MOBILE_CONTACTS,Amaan,Khan,,,, +91 98118 23786,"8/31/21, 10:32 AM",,,,,,,,
MOBILE_CONTACTS,Rohit,,,,, +91 75329 87325,"8/31/21, 10:32 AM",,,,,,,,
MOBILE_CONTACTS,Yash,,,,, +91 99 99 645349,"8/31/21, 10:32 AM",,,,,,,,
MOBILE_CONTACTS,Dhokebaz,,,,,96 50 023327,"8/31/21, 10:32 AM",,,,,,,,
MOBILE_CONTACTS,Bhumi,,,,, +91 99903 76531,"8/31/21, 10:32 AM",,,,,,,,
MOBILE_CONTACTS,Harsh,,,,,97 11 932548,"8/31/21, 10:32 AM",,,,,,,,
MOBILE_CONTACTS,Kuldeep,,,,, +91 7011 788 692,"8/31/21, 10:32 AM",,,,,,,,
MOBILE_CONTACTS,Prateek,,,,, +91 77018 58506,"8/31/21, 10:32 AM",,,,,,,,
MOBILE_CONTACTS,Dhruv,Garg,,,,83760 62280,"8/31/21, 10:32 AM",,,,,,,,
MOBILE_CONTACTS,Yash,Bidhuri,,,, +919555858002,"8/31/21, 10:32 AM",,,,,,,,
MOBILE_CONTACTS,,,,,, +918860130391,"8/31/21, 10:32 AM",,,,,,,,
MOBILE_CONTACTS,Kuldeep,,,,, +919818218798,"8/31/21, 10:32 AM",,,,,,,,
MOBILE_CONTACTS,Sanchit,,,,, +918920459538,"8/31/21, 10:32 AM",,,,,,,,
MOBILE_CONTACTS,Nitin,,,,,971-741-7472,"8/31/21, 10:32 AM",,,,,,,,
MOBILE_CONTACTS,Tanuja,,,,, +918467092310,"8/31/21, 10:32 AM",,,,,,,,
MOBILE_CONTACTS,Sanchit,,,,, +919810908226,"8/31/21, 10:32 AM",,,,,,,,
MOBILE_CONTACTS,Rohit,,,,,985-244-8541,"8/31/21, 10:32 AM",,,,,,,,
MOBILE_CONTACTS,,,,,,782-798-3820,"8/31/21, 10:32 AM",,,,,,,,
MOBILE_CONTACTS,Mehul,,,,, +919891945937,"8/31/21, 10:32 AM",,,,,,,,
MOBILE_CONTACTS,Rohit,,,,, +917532987325,"8/31/21, 10:32 AM",,,,,,,,
MOBILE_CONTACTS,Amaan,Khan,,,, +918448875082,"8/31/21, 10:32 AM",,,,,,,,
MOBILE_CONTACTS,Bhumi,,,,, +919990376531,"8/31/21, 10:32 AM",,,,,,,,
MOBILE_CONTACTS,,,,,,965-002-3327,"8/31/21, 10:32 AM",,,,,,,,
MOBILE_CONTACTS,Tanuja,,,,, +919873680324,"8/31/21, 10:32 AM",,,,,,,,
MOBILE_CONTACTS,Small,Shop,,,,859-532-8988,"8/31/21, 10:32 AM",,,,,,,,
MOBILE_CONTACTS,,,,,,666-3330,"8/31/21, 10:32 AM",,,,,,,,
MOBILE_CONTACTS,Mystery,Man,,,,987-148-3788,"8/31/21, 10:32 AM",,,,,,,,
MOBILE_CONTACTS,Aakash,,,,, +919953704816,"8/31/21, 10:32 AM",,,,,,,,
MOBILE_CONTACTS,Gta,1500₹,,,, +917698540768,"8/31/21, 10:32 AM",,,,,,,,
MOBILE_CONTACTS,Kuldeep,,,,, +917011788692,"8/31/21, 10:32 AM",,,,,,,,
MOBILE_CONTACTS,Rohan,Bakshi,,,, +918505943937,"8/31/21, 10:32 AM",,,,,,,,
MOBILE_CONTACTS,Amaan,Khan,,,, +919811823786,"8/31/21, 10:32 AM",,,,,,,,
MOBILE_CONTACTS,Bhumi,,,,,999-037-6531,"8/31/21, 10:32 AM",,,,,,,,
MOBILE_CONTACTS,Aniket,,,,, +919911584781,"8/31/21, 10:32 AM",,,,,,,,
MOBILE_CONTACTS,Harsh,,,,, +918285572455,"8/31/21, 10:32 AM",,,,,,,,
MOBILE_CONTACTS,Arslan,Chotu,,,, +918800326155,"8/31/21, 10:32 AM",,,,,,,,
MOBILE_CONTACTS,Arslan,,,,, +919971755992,"8/31/21, 10:32 AM",,,,,,,,
MOBILE_CONTACTS,Gta,5,,,,997-880-0742,"8/31/21, 10:32 AM",,,,,,,,
MOBILE_CONTACTS,Harsh,,,,,971-193-2548,"8/31/21, 10:32 AM",,,,,,,,
MOBILE_CONTACTS,Harsh,,,,, +919311357843,"8/31/21, 10:32 AM",,,,,,,,
MOBILE_CONTACTS,Umang,sharma,,,umang2002mar@gmail.com,,"8/31/21, 10:32 AM",,,,,,,,
GOOGLE_CONTACTS,Amaan,Khan,,,, +91 84488 75082,"8/30/21, 9:20 AM",,,,,,,,
GOOGLE_CONTACTS,,Dsc,,,, +91 81308 52708,"8/30/21, 9:20 AM",,,,,,,,
GOOGLE_CONTACTS,Tanuja,1,,,, +91 85870 49828,"8/30/21, 9:20 AM",,,,,,,,
GOOGLE_CONTACTS,,Umang,,,,98998 48772,"8/30/21, 9:20 AM",,,,,,,,
GOOGLE_CONTACTS,Rohan's,Mom,,,, +91 98730 00891,"8/30/21, 9:20 AM",,,,,,,,
GOOGLE_CONTACTS,Ashish,Dealer,,,,76238 81701,"8/30/21, 9:20 AM",,,,,,,,
GOOGLE_CONTACTS,,Sharik,,,, +91 95409 40038,"8/30/21, 9:20 AM",,,,,,,,
GOOGLE_CONTACTS,,Jio,,,,8920 956 366,"8/30/21, 9:20 AM",,,,,,,,
GOOGLE_CONTACTS,,Vasu,,,,98993 56095,"8/30/21, 9:20 AM",,,,,,,,
GOOGLE_CONTACTS,,Sumit,,,, +91 99991 58895,"8/30/21, 9:20 AM",,,,,,,,
GOOGLE_CONTACTS,Sonia,2,,,,99 11 450090,"8/30/21, 9:20 AM",,,,,,,,
GOOGLE_CONTACTS,,Anshit,,,, +91 96508 96025,"8/30/21, 9:20 AM",,,,,,,,
GOOGLE_CONTACTS,,Tanu,,,, +91 88105 52014,"8/30/21, 9:20 AM",,,,,,,,
GOOGLE_CONTACTS,Ayush,Khari,,,, +91 98732 81444,"8/30/21, 9:20 AM",,,,,,,,
GOOGLE_CONTACTS,,Naman,,,, +91 7835 840 110,"8/30/21, 9:20 AM",,,,,,,,
GOOGLE_CONTACTS,Kuldeep,Yadav,,,, +91 78358 85404,"8/30/21, 9:20 AM",,,,,,,,
GOOGLE_CONTACTS,,Anubhav,,,, +91 80105 43839,"8/30/21, 9:20 AM",,,,,,,,
GOOGLE_CONTACTS,,Aditi,,,, +91 87448 89570,"8/30/21, 9:20 AM",,,,,,,,
GOOGLE_CONTACTS,Science,Mam,,,, +91 99106 83962,"8/30/21, 9:20 AM",,,,,,,,
GOOGLE_CONTACTS,,Vishu,,,, +91 84679 05736,"8/30/21, 9:20 AM",,,,,,,,
GOOGLE_CONTACTS,Anuj,Bhai,,,,99994 46272,"8/30/21, 9:20 AM",,,,,,,,
GOOGLE_CONTACTS,,Prarthak,,,, +91 92059 07033,"8/30/21, 9:20 AM",,,,,,,,
GOOGLE_CONTACTS,,,,,,78279 83820,"8/30/21, 9:20 AM",,,,,,,,
GOOGLE_CONTACTS,Mohit,Mobiwik,,,,75994 27724,"8/30/21, 9:20 AM",,,,,,,,
GOOGLE_CONTACTS,Paper,Wala,,,,92054 30828,"8/30/21, 9:20 AM",,,,,,,,
GOOGLE_CONTACTS,,Tanuja,,,, +91 98736 80324,"8/30/21, 9:20 AM",,,,,,,,
GOOGLE_CONTACTS,,Dhruv,,,,98736 68008,"8/30/21, 9:20 AM",,,,,,,,
GOOGLE_CONTACTS,,Yash,,,, +91 99 99 645349,"8/30/21, 9:20 AM",,,,,,,,
GOOGLE_CONTACTS,Rohit,Shetty,,,, +91 83769 72318,"8/30/21, 9:20 AM",,,,,,,,
GOOGLE_CONTACTS,,,,,,98714 83788,"8/30/21, 9:20 AM",,,,,,,,
GOOGLE_CONTACTS,,Mili,,,,99100 19045,"8/30/21, 9:20 AM",,,,,,,,
GOOGLE_CONTACTS,,Rudraksh,,,, +91 836 887 9887,"8/30/21, 9:20 AM",,,,,,,,
GOOGLE_CONTACTS,,Ronit,,,,98210 67127,"8/30/21, 9:20 AM",,,,,,,,
GOOGLE_CONTACTS,,Avinash,,,,98919 09137,"8/30/21, 9:20 AM",,,,,,,,
GOOGLE_CONTACTS,,?,,,, +91 98919 26651,"8/30/21, 9:20 AM",,,,,,,,
GOOGLE_CONTACTS,,Tushar,,,, +91 81 30 622309,"8/30/21, 9:20 AM",,,,,,,,
GOOGLE_CONTACTS,,Tanuja,,,, +91 84670 92310,"8/30/21, 9:20 AM",,,,,,,,
GOOGLE_CONTACTS,,Saloni,,,, +91 95822 09985,"8/30/21, 9:20 AM",,,,,,,,
GOOGLE_CONTACTS,Rohan,Landline,,,, +91 120 428 1179,"8/30/21, 9:20 AM",,,,,,,,
GOOGLE_CONTACTS,Chashme,Wali,,,, +91 98189 19316,"8/30/21, 9:20 AM",,,,,,,,
GOOGLE_CONTACTS,,Arun,,,, +91 70534 99581,"8/30/21, 9:20 AM",,,,,,,,
GOOGLE_CONTACTS,,Kanishka,,,, +91 96540 93015,"8/30/21, 9:20 AM",,,,,,,,
GOOGLE_CONTACTS,,Harsh,,,,97 11 932548,"8/30/21, 9:20 AM",,,,,,,,
GOOGLE_CONTACTS,,Kartikey,,,, +91 98899 85588,"8/30/21, 9:20 AM",,,,,,,,
GOOGLE_CONTACTS,,Abhigyaan,,,, +91 98711 39111,"8/30/21, 9:20 AM",,,,,,,,
GOOGLE_CONTACTS,,Shalini,,,,93126 01298,"8/30/21, 9:20 AM",,,,,,,,
GOOGLE_CONTACTS,Tanuja,2,,,, +91 93113 69665,"8/30/21, 9:20 AM",,,,,,,,
GOOGLE_CONTACTS,Vaibhav,Garg,,,, +91 84474 69567,"8/30/21, 9:20 AM",,,,,,,,
GOOGLE_CONTACTS,Raj,(Airtel),,,,97175 14440,"8/30/21, 9:20 AM",,,,,,,,
GOOGLE_CONTACTS,,Babu,,,, +91 870 085 1482,"8/30/21, 9:20 AM",,,,,,,,
GOOGLE_CONTACTS,,CheenA,,,,98996 68592,"8/30/21, 9:20 AM",,,,,,,,
GOOGLE_CONTACTS,,Kuldeep,,,, +91 7011 788 692,"8/30/21, 9:20 AM",,,,,,,,
GOOGLE_CONTACTS,Harsh,Sharma,,,, +91 8851 146 510,"8/30/21, 9:20 AM",,,,,,,,
GOOGLE_CONTACTS,Dress,Store,,,,98701 45497,"8/30/21, 9:20 AM",,,,,,,,
GOOGLE_CONTACTS,,Gaurav,,,, +91 95602 29881,"8/30/21, 9:20 AM",,,,,,,,
GOOGLE_CONTACTS,Sparsh,Rana,,,, +91 84472 12360,"8/30/21, 9:20 AM",,,,,,,,
GOOGLE_CONTACTS,,Pagal,,,, +91 85276 93116,"8/30/21, 9:20 AM",,,,,,,,
GOOGLE_CONTACTS,Anil,Sir,,,, +91 97169 58228,"8/30/21, 9:20 AM",,,,,,,,
GOOGLE_CONTACTS,,Papa,,,,98683 61788,"8/30/21, 9:20 AM",,,,,,,,
GOOGLE_CONTACTS,,Anubhav(One+3t),,,, +91 99901 77333,"8/30/21, 9:20 AM",,,,,,,,
GOOGLE_CONTACTS,Rohit,2,,,, +91 88608 25383,"8/30/21, 9:20 AM",,,,,,,,
GOOGLE_CONTACTS,Nishant,Rausa,,,, +91 99106 63234,"8/30/21, 9:20 AM",,,,,,,,
GOOGLE_CONTACTS,,Bhumi,,,,99903 76531,"8/30/21, 9:20 AM",,,,,,,,
GOOGLE_CONTACTS,,Satyam,,,,83759 14090,"8/30/21, 9:20 AM",,,,,,,,
GOOGLE_CONTACTS,Sonia,3,,,, +919654119041,"8/30/21, 9:20 AM",,,,,,,,
GOOGLE_CONTACTS,,Harsh,,,, +91 82855 72455,"8/30/21, 9:20 AM",,,,,,,,
GOOGLE_CONTACTS,,Soumil,,,, +91 98 11 047125,"8/30/21, 9:20 AM",,,,,,,,
GOOGLE_CONTACTS,Tushar,Jio,,,, +91 8920 931 684,"8/30/21, 9:20 AM",,,,,,,,
GOOGLE_CONTACTS,Richa,Mam(Tuition),,,,99111 99593,"8/30/21, 9:20 AM",,,,,,,,
GOOGLE_CONTACTS,,Dealer,,,,97126 74693,"8/30/21, 9:20 AM",,,,,,,,
GOOGLE_CONTACTS,,Koustubh,,,, +91 97 16 590117,"8/30/21, 9:20 AM",,,,,,,,
GOOGLE_CONTACTS,Tanuja's,Home,,,, +91 90154 41251,"8/30/21, 9:20 AM",,,,,,,,
GOOGLE_CONTACTS,Gta,Hacker,,,,971507920997,"8/30/21, 9:20 AM",,,,,,,,
GOOGLE_CONTACTS,Dhruv,Goel,,,,85860 66308,"8/30/21, 9:20 AM",,,,,,,,
GOOGLE_CONTACTS,,Vevek,,,, +91 99 97 366503,"8/30/21, 9:20 AM",,,,,,,,
GOOGLE_CONTACTS,,Ipsit,,,,97 11 128424,"8/30/21, 9:20 AM",,,,,,,,
GOOGLE_CONTACTS,Amaan,Mustafa,,,, +91 95406 27977,"8/30/21, 9:20 AM",,,,,,,,
GOOGLE_CONTACTS,,Cc,,,, +91 96501 13685,"8/30/21, 9:20 AM",,,,,,,,
GOOGLE_CONTACTS,,Unknown,,,, +91 7361 889 415,"8/30/21, 9:20 AM",,,,,,,,
GOOGLE_CONTACTS,,Prabal,,,,99991 38612,"8/30/21, 9:20 AM",,,,,,,,
GOOGLE_CONTACTS,,Sanchit,,,, +91 8920 459 538,"8/30/21, 9:20 AM",,,,,,,,
GOOGLE_CONTACTS,Gullu,Bhai,,,, +91 99997 72192,"8/30/21, 9:20 AM",,,,,,,,
GOOGLE_CONTACTS,,Sanjana,,,, +91 98715 96214,"8/30/21, 9:20 AM",,,,,,,,
GOOGLE_CONTACTS,Aditya,Bharadwaj,,,, +91 721 006 2054,"8/30/21, 9:20 AM",,,,,,,,
GOOGLE_CONTACTS,,Sparsh,,,, +91 7701 913 911,"8/30/21, 9:20 AM",India Type:work Primary:No,,,,,,,
GOOGLE_CONTACTS,,Harsh,,,, +91 93113 57843,"8/30/21, 9:20 AM",,,,,,,,
GOOGLE_CONTACTS,,Siddhant,,,, +91 97169 38360,"8/30/21, 9:20 AM",,,,,,,,
GOOGLE_CONTACTS,,Shakhir,,,, +91 99712 03682,"8/30/21, 9:20 AM",,,,,,,,
GOOGLE_CONTACTS,Akash,Didi,,,,88261 80833,"8/30/21, 9:20 AM",,,,,,,,
GOOGLE_CONTACTS,,Rohan,,,, +91 96675 88825,"8/30/21, 9:20 AM",,,,,,,,
GOOGLE_CONTACTS,Brand,Maniac,,,,087 50 070021,"8/30/21, 9:20 AM",,,,,,,,
GOOGLE_CONTACTS,Papa,2,,,, +91 99 90 908768,"8/30/21, 9:20 AM",,,,,,,,
GOOGLE_CONTACTS,,,,,,6663 330,"8/30/21, 9:20 AM",,,,,,,,
GOOGLE_CONTACTS,Nishant,2,,,, +91 76781 47934,"8/30/21, 9:20 AM",,,,,,,,
GOOGLE_CONTACTS,,Dhokebaz,,,,96 50 023327,"8/30/21, 9:20 AM",,,,,,,,
GOOGLE_CONTACTS,,Deepu,,,, +91 870 047 1184,"8/30/21, 9:20 AM",,,,,,,,
GOOGLE_CONTACTS,Sonia's,Dad,,,,99115 40090,"8/30/21, 9:20 AM",,,,,,,,
GOOGLE_CONTACTS,,Siddhant,,,, +91 7011 885 831,"8/30/21, 9:20 AM",,,,,,,,
GOOGLE_CONTACTS,Tushar,Bhati,,,, +91 98 10 096281,"8/30/21, 9:20 AM",,,,,,,,
GOOGLE_CONTACTS,Amaan,Personal),,,, +91 96670 11242,"8/30/21, 9:20 AM",,,,,,,,
GOOGLE_CONTACTS,,Sanchit,,,, +91 98 10 908226,"8/30/21, 9:20 AM",,,,,,,,
GOOGLE_CONTACTS,,Prashant,,,, +91 70423 33428,"8/30/21, 9:20 AM",,,,,,,,
GOOGLE_CONTACTS,,Rohit,,,, +91 75329 87325,"8/30/21, 9:20 AM",,,,,,,,
GOOGLE_CONTACTS,,1,,,,99101 25574,"8/30/21, 9:20 AM",,,,,,,,
GOOGLE_CONTACTS,Overwatch,1700₹,,,, +91 90519 19294,"8/30/21, 9:20 AM",,,,,,,,
GOOGLE_CONTACTS,Ice,Cream,,,,70801 91270,"8/30/21, 9:20 AM",,,,,,,,
GOOGLE_CONTACTS,,Dexter,,,, +91 97111 68580,"8/30/21, 9:20 AM",,,,,,,,
GOOGLE_CONTACTS,Shakhir,1,,,,93120 45055,"8/30/21, 9:20 AM",,,,,,,,
GOOGLE_CONTACTS,,Arpit,,,, +91 99582 99527,"8/30/21, 9:20 AM",,,,,,,,
GOOGLE_CONTACTS,,Kush,,,, +91 98183 17828,"8/30/21, 9:20 AM",,,,,,,,
GOOGLE_CONTACTS,Harsh,Vardhan,,,, +91 8851 705 806,"8/30/21, 9:20 AM",,,,,,,,
GOOGLE_CONTACTS,Doctor,Dog,,,,98736 05979,"8/30/21, 9:20 AM",,,,,,,,
GOOGLE_CONTACTS,Amaan,Khan,,,, +91 98118 23786,"8/30/21, 9:20 AM",,,,,,,,
GOOGLE_CONTACTS,Rahul,(Crystal),,,,99532 94184,"8/30/21, 9:20 AM",,,,,,,,
GOOGLE_CONTACTS,Aniket,Rawal,,,, +91 99532 24091,"8/30/21, 9:20 AM",,,,,,,,
GOOGLE_CONTACTS,Cyber,Buyer,,,, +91 98918 54812,"8/30/21, 9:20 AM",,,,,,,,
GOOGLE_CONTACTS,,Mohit,,,, +91 99 90 050287,"8/30/21, 9:20 AM",,,,,,,,
GOOGLE_CONTACTS,,Rohit,,,,98 52 448541,"8/30/21, 9:20 AM",,,,,,,,
GOOGLE_CONTACTS,,Shreyansh,,,, +91 96437 75723,"8/30/21, 9:20 AM",,,,,,,,
GOOGLE_CONTACTS,,,,,vesolution123@gmail.com,,"8/30/21, 9:20 AM",,,,,,,,
GOOGLE_CONTACTS,,ipsitsharma95,,,ipsitsharma95@gmail.com,,"8/30/21, 9:20 AM",,,,,,,,
GOOGLE_CONTACTS,,,,,em@silvercity2.in,,"8/30/21, 9:20 AM",,,,,,,,
GOOGLE_CONTACTS,Aakash,Shandilya,,,aakashshandilya2001@gmail.com,,"8/30/21, 9:20 AM",,,,,,,,
GOOGLE_CONTACTS,,,,,mosfinance@nic.in,,"8/30/21, 9:20 AM",,,,,,,,
GOOGLE_CONTACTS,,,,,arpitbhati77@gmail.com,,"8/30/21, 9:20 AM",,,,,,,,
GOOGLE_CONTACTS,,DaddyIsLive,,,daddyislive2002@gmail.com,,"8/30/21, 9:20 AM",,,,,,,,
GOOGLE_CONTACTS,Anubhav,Sharma,,,abhay99633@gmail.com,,"8/30/21, 9:20 AM",,,,,,,,
GOOGLE_CONTACTS,,,,,pradeepsharma966@gmail.com,,"8/30/21, 9:20 AM",,,,,,,,
GOOGLE_CONTACTS,Umang,sharma,,,umang2002mar@gmail.com,,"8/30/21, 9:20 AM",,,,,,,,
GOOGLE_CONTACTS,,,,,support@g2a.com,,"8/30/21, 9:20 AM",,,,,,,,
GOOGLE_CONTACTS,,Supercell,,,support+id5789372@supercell.zendesk.com,,"8/30/21, 9:20 AM",,,,,,,,
GOOGLE_CONTACTS,,,,,rashmibharadwaj1969@gmail.com,,"8/30/21, 9:20 AM",,,,,,,,
GOOGLE_CONTACTS,,,,,support@obto.co,,"8/30/21, 9:20 AM",,,,,,,,
GOOGLE_CONTACTS,pratyush,negi,,,pratyushnegi0407@gmail.com,,"8/30/21, 9:20 AM",,,,,,,,
GOOGLE_CONTACTS,,,,,unsubscribe-mc.us8_cbf62af8ca5262ea42dd59086.e1e00c2a9f-8622698f47@mailin.mcsv.net,,"8/30/21, 9:20 AM",,,,,,,,
GOOGLE_CONTACTS,,,,,rvaid@obto.co,,"8/30/21, 9:20 AM",,,,,,,,
GOOGLE_CONTACTS,,,,,dr.mahesh@sansad.nic.in,,"8/30/21, 9:20 AM",,,,,,,,
GOOGLE_CONTACTS,,,,,anuragthakur.mp@sansad.nic.in,,"8/30/21, 9:20 AM",,,,,,,,
GOOGLE_CONTACTS,,,,,mphamirpur@gmail.com,,"8/30/21, 9:20 AM",,,,,,,,
GOOGLE_CONTACTS,,,,,umang.official20@gmail.com,,"8/30/21, 9:20 AM",,,,,,,,
GOOGLE_CONTACTS,deepak,kumar,,,vcsolution123@gmail.com,,"8/30/21, 9:20 AM",,,,,,,,
GOOGLE_CONTACTS,,,,,ipsit.sharma@getfareye.com,,"8/30/21, 9:20 AM",,,,,,,,
GOOGLE_CONTACTS,,,,,drmahesh3333@gmail.com,,"8/30/21, 9:20 AM",,,,,,,,
GOOGLE_CONTACTS,Manoj,Sharma,,,manojsharma6819.ms@gmail.com,,"8/30/21, 9:20 AM",,,,,,,,
GOOGLE_CONTACTS,,,,,mdppgreaternoida@gmail.com,,"8/30/21, 9:20 AM",,,,,,,,
GOOGLE_CONTACTS,,,,,unsub-campaign-6055973-1489013-WAZXLLVS4VAE4YWDLKDIRX@unsub.datadrivenemail.com,,"8/30/21, 9:20 AM",,,,,,,,
GOOGLE_CONTACTS,,,,,unsubscribe@academia-noreply.com,,"8/30/21, 9:20 AM",,,,,,,,
GOOGLE_CONTACTS,Umang,Sharma,,,umangshit@gmail.com,,"8/30/21, 9:20 AM",,,,,,,,
GOOGLE_CONTACTS,,,,,manojsharma_02@rediffmail.com,,"8/30/21, 9:20 AM",,,,,,,,
GOOGLE_CONTACTS,,,,,hpcapresident@yahoo.com,,"8/30/21, 9:20 AM",,,,,,,,
GOOGLE_CONTACTS,Poonam,Mam,,,,99100 01834,"8/30/21, 9:20 AM",,,,,,,,
GOOGLE_CONTACTS,Santosh,Idli,,,,98739 09473,"8/30/21, 9:20 AM",,,,,,,,
GOOGLE_CONTACTS,,Aditya~4,,,, +91 92055 33919,"8/30/21, 9:20 AM",,,,,,,,
GOOGLE_CONTACTS,,Pratyush,,,,87 50 264991,"8/30/21, 9:20 AM",,,,,,,,
GOOGLE_CONTACTS,Shubham,Jhoshi,,,, +91 99990 77022,"8/30/21, 9:20 AM",,,,,,,,
GOOGLE_CONTACTS,Priyanshu,Nagar,,,, +91 82852 71525,"8/30/21, 9:20 AM",,,,,,,,
GOOGLE_CONTACTS,,Mummy,,,, +91 92 13 096423,"8/30/21, 9:20 AM",,,,,,,,
GOOGLE_CONTACTS,,Nitin,,,, +919958740508,"8/30/21, 9:20 AM",,,,,,,,
GOOGLE_CONTACTS,,Myntra,,,,7042 197 494,"8/30/21, 9:20 AM",,,,,,,,
GOOGLE_CONTACTS,,Ranjan,,,, +91 99110 52201,"8/30/21, 9:20 AM",,,,,,,,
GOOGLE_CONTACTS,,Pratul,,,, +91 87 43 878244,"8/30/21, 9:20 AM",,,,,,,,
GOOGLE_CONTACTS,Small,WA,,,,99908 31089,"8/30/21, 9:20 AM",,,,,,,,
GOOGLE_CONTACTS,,Kuldeep,,,, +91 98182 18798,"8/30/21, 9:20 AM",,,,,,,,
GOOGLE_CONTACTS,,Ashutosh,,,, +91 97189 41644,"8/30/21, 9:20 AM",,,,,,,,
GOOGLE_CONTACTS,Kuldeep,2,,,, +91 8920 718 106,"8/30/21, 9:20 AM",,,,,,,,
GOOGLE_CONTACTS,,Prince,,,, +91 8920 926 464,"8/30/21, 9:20 AM",,,,,,,,
GOOGLE_CONTACTS,,Bhumi,,,, +91 99903 76531,"8/30/21, 9:20 AM",,,,,,,,
GOOGLE_CONTACTS,,Dron,,,, +91 98992 13298,"8/30/21, 9:20 AM",,,,,,,,
GOOGLE_CONTACTS,,2,,,,85870 49828,"8/30/21, 9:20 AM",,,,,,,,
GOOGLE_CONTACTS,,Don,,,, +91 95603 77318,"8/30/21, 9:20 AM",,,,,,,,
GOOGLE_CONTACTS,Virender,Sir,,,,98184 56552,"8/30/21, 9:20 AM",,,,,,,,
GOOGLE_CONTACTS,,Gujjar,,,, +91 99115 28834,"8/30/21, 9:20 AM",,,,,,,,
GOOGLE_CONTACTS,,Urduline,,,,98702 47500,"8/30/21, 9:20 AM",,,,,,,,
