Endorsement Date,Skill Name,Endorser First Name,Endorser Last Name,Endorser Public Url,Endorsement Status
2023/06/12 08:22:31 UTC,Python (Programming Language),Abhishek,Gupta,www.linkedin.com/in/abhishek-gupta-b961b31a4,ACCEPTED
2023/06/12 08:22:25 UTC,Android Development,Abhishek,Gupta,www.linkedin.com/in/abhishek-gupta-b961b31a4,ACCEPTED
2023/06/12 08:22:22 UTC,Microsoft Excel,Abhishek,Gupta,www.linkedin.com/in/abhishek-gupta-b961b31a4,ACCEPTED
2023/06/12 08:22:17 UTC,Problem Solving,Abhishek,Gupta,www.linkedin.com/in/abhishek-gupta-b961b31a4,ACCEPTED
2023/06/12 08:22:13 UTC,Research,Abhishek,Gupta,www.linkedin.com/in/abhishek-gupta-b961b31a4,ACCEPTED
2023/06/12 08:22:12 UTC,English,Abhishek,Gupta,www.linkedin.com/in/abhishek-gupta-b961b31a4,ACCEPTED
2023/06/12 08:22:09 UTC,Engineering,Abhishek,Gupta,www.linkedin.com/in/abhishek-gupta-b961b31a4,ACCEPTED
