From,To,Sent At,Message,Direction,inviterProfileUrl,inviteeProfileUrl
Umang Sharma,Sehar W.,"3/14/24, 2:01 AM",,OUTGOING,https://www.linkedin.com/in/codeshot2002,https://www.linkedin.com/in/sehar-w-91b056163
Umang Sharma,Md Mohtashim Meeran,"10/20/23, 4:24 AM",,OUTGOING,https://www.linkedin.com/in/codeshot2002,https://www.linkedin.com/in/md-meeran
Umang Sharma,Tani _,"10/18/23, 4:01 AM",,OUTGOING,https://www.linkedin.com/in/codeshot2002,https://www.linkedin.com/in/tani-611796265
Umang Sharma,Shivam Porwal,"8/13/23, 4:15 AM","Hi Shivam, I am writing to express my interest in referral at Amazon. I have a strong background in the following -- • Java • Web Development with ReactJs • Python • SQL • Android Development • Git & Github Portfolio - https://umangsharma-portfolio.netlify.app/",OUTGOING,https://www.linkedin.com/in/codeshot2002,https://www.linkedin.com/in/shivam-porwal-8653b5193
Deepak Chaudhary,Umang Sharma,"4/15/24, 7:58 PM",,INCOMING,https://www.linkedin.com/in/deepak-chaudhary-phoenix-dev,https://www.linkedin.com/in/codeshot2002
Aryan Kumar,Umang Sharma,"4/12/24, 12:55 PM",,INCOMING,https://www.linkedin.com/in/aryan-kumar-8b399b261,https://www.linkedin.com/in/codeshot2002
Sneha Kumari,Umang Sharma,"4/10/24, 2:10 PM",,INCOMING,https://www.linkedin.com/in/sneha-kumari-9a0071252,https://www.linkedin.com/in/codeshot2002
Sarthak Sharma,Umang Sharma,"4/9/24, 12:19 PM",,INCOMING,https://www.linkedin.com/in/sarthak-sharma-3584a326a,https://www.linkedin.com/in/codeshot2002
Esika Rajput,Umang Sharma,"3/29/24, 1:03 PM",,INCOMING,https://www.linkedin.com/in/esika-rajput-688000216,https://www.linkedin.com/in/codeshot2002
Ashutosh  Kumar singh,Umang Sharma,"3/15/24, 4:23 AM",,INCOMING,https://www.linkedin.com/in/ashutosh-kumar-singh-linkedaccount,https://www.linkedin.com/in/codeshot2002
Bhavya Sharma,Umang Sharma,"2/29/24, 8:54 AM",,INCOMING,https://www.linkedin.com/in/bhavya-sharma-2b2790215,https://www.linkedin.com/in/codeshot2002
Ashwani Agrawal ,Umang Sharma,"2/27/24, 5:59 AM",,INCOMING,https://www.linkedin.com/in/ashwani27,https://www.linkedin.com/in/codeshot2002
JOY PAUL,Umang Sharma,"2/27/24, 4:53 AM",,INCOMING,https://www.linkedin.com/in/joy-paul-ab03b8277,https://www.linkedin.com/in/codeshot2002
Mohit Dev Tomar,Umang Sharma,"2/15/24, 5:59 PM",,INCOMING,https://www.linkedin.com/in/mohittomar8,https://www.linkedin.com/in/codeshot2002
Rajender Singh,Umang Sharma,"2/14/24, 4:58 AM",,INCOMING,https://www.linkedin.com/in/singhrajen,https://www.linkedin.com/in/codeshot2002
Yuvraj T,Umang Sharma,"2/14/24, 2:19 AM",,INCOMING,https://www.linkedin.com/in/yuvraj-t-184b92267,https://www.linkedin.com/in/codeshot2002
Mohit Kumar,Umang Sharma,"2/12/24, 7:20 PM",,INCOMING,https://www.linkedin.com/in/mohit-kumar-a25bb0284,https://www.linkedin.com/in/codeshot2002
Aryan Kumar,Umang Sharma,"2/3/24, 8:27 PM",,INCOMING,https://www.linkedin.com/in/kumararyan1509,https://www.linkedin.com/in/codeshot2002
Jesca Clement,Umang Sharma,"1/22/24, 9:44 PM",,INCOMING,https://www.linkedin.com/in/jesca-clement-a7b626256,https://www.linkedin.com/in/codeshot2002
Amit Kedia,Umang Sharma,"1/5/24, 1:38 AM",,INCOMING,https://www.linkedin.com/in/amit-kedia-015bba24a,https://www.linkedin.com/in/codeshot2002
Utkarsh sharma,Umang Sharma,"12/31/23, 11:10 PM",,INCOMING,https://www.linkedin.com/in/utkarsh-sharma-755946237,https://www.linkedin.com/in/codeshot2002
Neeru Bhardwaj,Umang Sharma,"12/25/23, 4:28 AM",,INCOMING,https://www.linkedin.com/in/neeru-bhardwaj-18b2b1217,https://www.linkedin.com/in/codeshot2002
Sameer Khan,Umang Sharma,"12/11/23, 7:52 AM",,INCOMING,https://www.linkedin.com/in/sameer-khan-04763429a,https://www.linkedin.com/in/codeshot2002
Rajeev .,Umang Sharma,"12/10/23, 8:19 AM",,INCOMING,https://www.linkedin.com/in/rajeev-b9313b237,https://www.linkedin.com/in/codeshot2002
Shreya Angad,Umang Sharma,"12/4/23, 1:20 AM",,INCOMING,https://www.linkedin.com/in/shreya-angad-1b7460209,https://www.linkedin.com/in/codeshot2002
Sourav Kumar Jha,Umang Sharma,"11/26/23, 9:49 PM",,INCOMING,https://www.linkedin.com/in/sourav-kumar-jha-832b11253,https://www.linkedin.com/in/codeshot2002
Aadil Shafi,Umang Sharma,"11/26/23, 9:24 AM",,INCOMING,https://www.linkedin.com/in/aadil-shafi-,https://www.linkedin.com/in/codeshot2002
Abhijitha Aruna Nandakumar,Umang Sharma,"11/21/23, 10:57 PM",,INCOMING,https://www.linkedin.com/in/abhijitha2318,https://www.linkedin.com/in/codeshot2002
Anchal pal,Umang Sharma,"11/21/23, 6:51 AM",,INCOMING,https://www.linkedin.com/in/anchal-pal-614982297,https://www.linkedin.com/in/codeshot2002
ROHIT TYAGI,Umang Sharma,"11/20/23, 5:49 PM",,INCOMING,https://www.linkedin.com/in/rohit-tyagi-0427401a2,https://www.linkedin.com/in/codeshot2002
Mohit Gautam,Umang Sharma,"11/17/23, 8:29 AM",,INCOMING,https://www.linkedin.com/in/mohit-gautam-6a89bb165,https://www.linkedin.com/in/codeshot2002
Mohit Chauhan,Umang Sharma,"11/13/23, 10:51 PM",,INCOMING,https://www.linkedin.com/in/mohit-chauhan-030636103,https://www.linkedin.com/in/codeshot2002
Ketan Chaudhary,Umang Sharma,"11/5/23, 11:30 PM",,INCOMING,https://www.linkedin.com/in/ketan-chaudhary-0bb1391ba,https://www.linkedin.com/in/codeshot2002
Harsh Sinha,Umang Sharma,"11/5/23, 10:44 PM",,INCOMING,https://www.linkedin.com/in/harsh-sinha-519880275,https://www.linkedin.com/in/codeshot2002
tanya sonkar,Umang Sharma,"11/4/23, 4:57 AM",,INCOMING,https://www.linkedin.com/in/tanya-sonkar-973243258,https://www.linkedin.com/in/codeshot2002
Saloni Garg,Umang Sharma,"11/3/23, 11:23 PM",,INCOMING,https://www.linkedin.com/in/saloni-garg-2aa2b2190,https://www.linkedin.com/in/codeshot2002
Mantosh Kumar,Umang Sharma,"11/3/23, 1:11 AM",,INCOMING,https://www.linkedin.com/in/mantoshkr,https://www.linkedin.com/in/codeshot2002
Gursimar Singh,Umang Sharma,"11/2/23, 5:55 AM",,INCOMING,https://www.linkedin.com/in/gursimar-singh-558405278,https://www.linkedin.com/in/codeshot2002
Abhishek Kumar,Umang Sharma,"10/30/23, 6:16 PM",,INCOMING,https://www.linkedin.com/in/abhishek-kumar-663721192,https://www.linkedin.com/in/codeshot2002
Manish Kumar,Umang Sharma,"10/29/23, 2:38 AM",,INCOMING,https://www.linkedin.com/in/manish-kumar-797a231b9,https://www.linkedin.com/in/codeshot2002
Vaishnavi .,Umang Sharma,"10/27/23, 10:39 PM",,INCOMING,https://www.linkedin.com/in/vaishnavi-851524241,https://www.linkedin.com/in/codeshot2002
Saumya Singh,Umang Sharma,"10/23/23, 11:56 PM",,INCOMING,https://www.linkedin.com/in/saumya-singh10,https://www.linkedin.com/in/codeshot2002
Km Varsha,Umang Sharma,"10/23/23, 7:13 AM",,INCOMING,https://www.linkedin.com/in/km-varsha-6154a8185,https://www.linkedin.com/in/codeshot2002
