Question,Answer
How many years of work experience do you have with Microservices?,0
How many years of work experience do you have with Android SDK?,1
How many years of work experience do you have with Android Development?,1
How many years of work experience do you have with React Native?,1
How many years of work experience do you have with JavaScript?,1
How many years of work experience do you have with Programming?,2
How many years of work experience do you have with Core Java?,1
How many years of work experience do you have with Spring Boot?,0
How many years of work experience do you have with Scala?,0
Are you comfortable working in a remote setting?,Yes
How many years of work experience do you have with Kotlin?,0
How many years of work experience do you have with Java?,2
How many years of work experience do you have with Node.js?,0
We must fill this position urgently. Can you start immediately?,Yes
Company,
How many years of work experience do you have with Django?,0
Last name,
How many years of work experience do you have with React.js?,1
How many years of work experience do you have with Ruby on Rails?,0
How many years of work experience do you have with Databases?,0
Mobile phone number, +91 9899848772
Description,
How many years of work experience do you have with Microsoft Azure?,0
How many years of ENG experience do you currently have?,0
How many years of work experience do you have with HTML?,1
Please submit a resume or LinkedIn profile, -693890820.pdf
How many years of work experience do you have with Embedded Engineers?,0
How many years of work experience do you have with AngularJS?,0
How many years of work experience do you have with HTML5?,1
How many years of work experience do you have with C (Programming Language)?,1
How many years of work experience do you have with MySQL?,0
How many years of work experience do you have with iOS?,0
Your title,
How many years of work experience do you have with C++?,0
How many years of work experience do you have with Amazon Web Services (AWS)?,0
"Are you willing to undergo a background check, in accordance with local law/regulations?",Yes
First name,
How many years of urn:li:industry:4 experience do you currently have?,0
How many years of work experience do you have with Test Automation?,0
How many years of work experience do you have with Android?,1
Have you completed the following level of education: Bachelor's Degree?,Yes
How many years of work experience do you have with User Interface Design?,1
How many years of work experience do you have with XML?,0
