Content Title,Content Description,Content Type,Content Last Watched Date (if viewed),Content Completed At (if completed),Content Saved,Notes taken on videos (if taken),
Java Concurrency Troubleshooting: Latency and Throughput,"Concurrency and its related problems are common in enterprises. But developers who can effectively troubleshoot these issues—and write thread-safe code—are often not as easy to find. In this course, instructor Tayo Koleoso helps equip Java developers with best practices for identifying sources of blocked threads, as well as tips for preventing and solving latency issues in multithreaded Java applications. Tayo goes over the coding practices and Java platform techniques that may be slowing down your application, including how parallel Java streams—which can be convenient and great for easy multithreading—present risks and pitfalls. He also highlights the different tools and resources that can help you identify what's slowing down your application. Discover how to work with Java Mission Control (JMC) to identify blocked threads in your Java virtual machines (JVMs), how to use the Java Flight Recorder (JFR) to identify blocked threads and monitor your JVM, and more.",Course,2022-02-03 22:15 UTC,N/A,false,N/A,
Functional Programming with Java,"Functional programming is a way of organizing code that makes applications more scalable and maintainable. By utilizing the core concepts of immutability, data-function separation, and first-class functions, programmers can write better code. In this course, learn about the functional programming paradigm and find out how to take advantage of it with Java and object-oriented programming. Apply your learnings to real-world code and examine some of the more advanced and misunderstood concepts—such as partial-application, recursion, and composition—to become skilled in developing flexible code.",Course,2023-08-28 23:51 UTC,N/A,false,N/A,
Learning Spring with Spring Boot,"Spring is the hugely popular framework for developing Java applications in the enterprise space. In this course, discover how to leverage Spring Boot, which takes an opinionated view of the Spring platform. Follow Frank Moley as he walks through how to use Spring Boot to quickly and efficiently develop a practical, enterprise-style web application. As Frank explains how to develop the app, he helps to familiarize you with the general Spring framework. Plus, Frank dives into some of the basic projects of Spring that you can use to develop Java-based applications.",Course,2023-08-20 10:34 UTC,N/A,false,N/A,
Java Exception Handling,"As you build any application, you can’t just assume that everything will run as expected. There are so many things that could cause your applications to not function properly or even crash. This course aims to teach developers how to handle such unforeseen scenarios in applications. Join instructor Cecili Reid as she teaches you the different types of exceptions, how to handle exceptions, and how to test an application to ensure it handles exceptions as expected. Cecili uses a sample Spring Boot web app as a case study and walks through practical scenarios where you’d want to use exception handling in that application. She starts with an initial application that doesn’t have exception handling mechanisms, and as she walks through each concept, she shows you how to improve the application by applying the concepts taught in each chapter. Cecili also shares some best practices to follow when handling exceptions in your applications.",Course,2023-06-12 21:53 UTC,N/A,false,N/A,
SQL for Testers,"The SQL programming language opens the door to deeper and more efficient software testing. SQL allows testers to examine the back end of application, automate testing through scripting, and simplify and speed up data generation. This course provides a quick-start guide to database testing with SQL. Dave Westerveld shows how to choose the right tools, set up a local site, and start validating data using simple SQL table joins. Next, you can learn how to generate test data by creating, updating, and deleting table entries. Finally, learn how to test SQL queries and find bugs in transactions, implement field constraints to prevent future bugs, and use schema validation to improve the quality of your application. Plus, find out how to prevent unauthorized access to data and measure the runtime of your queries to make sure you're not impeding database performance.",Course,2023-09-05 01:47 UTC,N/A,false,N/A,
