Date,Status,FullName
2024-03-19 03:10:00,Active,Naveen Rawat
2024-03-14 08:23:35,Active,Abhishek Shrivastava
2023-09-05 01:51:56,Active,Akanksha Gupta
2023-08-23 07:05:39,Active,Udita Ujjwal
2023-08-14 10:56:27,Active,Pragya Singh
2023-08-13 11:08:08,Active,Pulkit Atray
2023-07-20 11:22:57,Active,Darion DeBrossard
2023-07-15 11:00:25,Active,Nawansh Singla
2023-07-11 04:29:57,Active,Garima Vats
2022-06-03 19:56:10,Active,Aayushi Bist
2022-06-03 19:47:44,Active,Radhika Madaan
2022-06-03 19:39:08,Active,Tripti Bose
2022-01-31 20:10:21,Unfollow,Shubhangi Pandey
2021-09-13 19:38:08,Active,Prachi Jaiswal
2021-09-09 18:28:33,Active,Chetan Chopra
2021-09-09 18:28:05,Active,Shikhar Garg
2021-09-09 18:28:00,Unfollow,Deepak Malik
2021-09-07 20:49:56,Active,Simran Chaudhary
2021-09-04 19:51:21,Active,Divya Mathur
2021-08-30 16:16:55,Active,Nithin Kamath
2021-08-30 16:16:54,Active,Sumaira  Zafar
2021-08-30 16:16:53,Active,Rahul Subramanian
2021-08-30 16:16:52,Active,Bill Gates
2021-08-30 16:16:50,Active,Sonam Singh
2021-08-30 16:16:42,Active,Kunal Shah
