CONVERSATION ID,CONVERSATION TITLE,FROM,SENDER PROFILE URL,TO,RECIPIENT PROFILE URLS,DATE,SUBJECT,CONTENT,FOLDER
2-OTU2MDkxNjUtMTdlNi00NWEwLWFlMTAtZWU1YTg0MTBiZWNkXzAxMA==,,Umang Sharma,https://www.linkedin.com/in/codeshot2002,Abhishek Gupta,https://www.linkedin.com/in/abhishek-gupta-b961b31a4,2024-04-19 08:14:05 UTC,,hi,INBOX
2-NjU3MTBmOGUtNzY3OC00NGE5LTlkZjYtOTkwZmU1YmU1MmIxXzAxMA==,Sponsored Conversation,LinkedIn Member,,Umang Sharma,https://www.linkedin.com/in/codeshot2002,2024-04-13 21:32:59 UTC,,"<p class=""spinmail-quill-editor__spin-break"">Hi there, %FIRSTNAME%! My name is Franklin from the LinkedIn Premium team. Reactivate your Premium subscription now and get 50% off 2 months of LinkedIn Premium. </p>",INBOX
2-NDc1MzIyNzUtM2VhNi00MTE4LThjNjEtYmEzODc0YmIzYzlhXzAxMA==,IIM Udaipur Advanced Programme in Digital Product Management,Suchismita Bagchi Sen,,Umang Sharma,https://www.linkedin.com/in/codeshot2002,2024-04-10 21:31:38 UTC,,"<p class=""spinmail-quill-editor__spin-break"">Hi Umang,</p><p class=""spinmail-quill-editor__spin-break""><br></p><p class=""spinmail-quill-editor__spin-break"">I came across your impressive profile on LinkedIn and noticed your background in your job title at your company.</p><p class=""spinmail-quill-editor__spin-break""><br></p><p class=""spinmail-quill-editor__spin-break"">Considering your expertise I believe you might be interested in a transformative program that can elevate your skills to transition into a product management role in the evolving digital landscape.</p><p class=""spinmail-quill-editor__spin-break""><br></p><p class=""spinmail-quill-editor__spin-break"">Introducing the Digital Product Management Program by IIM Udaipur, one of the top 5 IIMs globally.</p><p class=""spinmail-quill-editor__spin-break""><br></p><p class=""spinmail-quill-editor__spin-break"">This program is for you if you are a:</p><p class=""spinmail-quill-editor__spin-break"">--Marketing, Advertising, Project Management, Customer Management, Branding, or Sales professional looking to transition into product management. or a Product manager, Entrepreneur, Tech professional</p><p class=""spinmail-quill-editor__spin-break""><br></p><p class=""spinmail-quill-editor__spin-break"">Here's what sets this program apart:</p><p class=""spinmail-quill-editor__spin-break"">--Master A Holistic Product Management Framework</p><p class=""spinmail-quill-editor__spin-break"">--Get IIM Udaipur Executive Alumni Status</p><p class=""spinmail-quill-editor__spin-break"">--Engage in 140 Hours of Live Interactive Sessions</p><p class=""spinmail-quill-editor__spin-break"">--Experience 3 Days at IIM Udaipur Campus with Capstone Project</p><p class=""spinmail-quill-editor__spin-break"">--Weekend-only classes</p><p class=""spinmail-quill-editor__spin-break""><br></p><p class=""spinmail-quill-editor__spin-break""> Applications are open</p><p class=""spinmail-quill-editor__spin-break""><br></p><p class=""spinmail-quill-editor__spin-break"">Suchismita Sen</p><p class=""spinmail-quill-editor__spin-break"">Associate Director - Sales</p><p class=""spinmail-quill-editor__spin-break"">TalentSprint</p><p class=""spinmail-quill-editor__spin-break"">( partnering with Indian Institute of Management, Udaipur)</p><p class=""spinmail-quill-editor__spin-break""><br></p>",INBOX
2-NTliOWYwMjItZDMyNC00YjJlLWJjYTktMzQ5MmIxMjA1Y2Q3XzAxMw==,,Umang Sharma,https://www.linkedin.com/in/codeshot2002,Shivam Porwal,https://www.linkedin.com/in/shivam-porwal-8653b5193,2023-11-27 11:54:09 UTC,,"Hi Shivam, I am writing to express my interest in referral at Amazon. I have a strong background in the following -- • Java • Web Development with ReactJs • Python • SQL • Android Development • Git & Github Portfolio - https://umangsharma-portfolio.netlify.app/",INBOX
2-MjkwNGVlMDktYzc3MC00ZDIzLTkzM2ItNjYwY2U1MDRmN2MwXzAxMw==,,Umang Sharma,https://www.linkedin.com/in/codeshot2002,Vansh chaudhary,https://www.linkedin.com/in/maybevansh,2023-09-05 01:45:59 UTC,,Lodu,INBOX
2-MjkwNGVlMDktYzc3MC00ZDIzLTkzM2ItNjYwY2U1MDRmN2MwXzAxMw==,,Umang Sharma,https://www.linkedin.com/in/codeshot2002,Vansh chaudhary,https://www.linkedin.com/in/maybevansh,2023-09-05 01:11:21 UTC,,gandu ,INBOX
2-ZWVmYjYwY2YtNjkyZi00ZGY5LWJjMTAtZjA2MzVkMTVkMTU1XzAxMw==,,,,,,,,,INBOX
2-YzA0NzQzMWItNTMwYS00NDNmLTljZTMtMjI3NWNmODJmOTJmXzAxMw==,,Umang Sharma,https://www.linkedin.com/in/codeshot2002,Ayush Binit,https://www.linkedin.com/in/ayush-binit-3bb192135,2023-08-16 12:53:05 UTC,Job referral for the post of Software Engineer,"Hi Ayush, I am writing to express my interest in the Software Engineer at Siemens. I am a fourth-year B.Tech. student in Computer Science, with a strong background in the following -- • Java • Web Development with ReactJs • Competitive programming • Python • SQL • Android Development • Git & GitHub • Efficient algorithms.  In my previous internship at Prudent Bit, I contributed and developed an android application in a short span of time which resulted in growth of our company's reputation.  It would be really helpful if you can be my guide/mentor and provide me a referral at siemens and I would not let you down by my performance.  Attaching my resume below. Thank you for your time and consideration.  Sincerely, Umang Sharma Portfolio - https://umangsharma-portfolio.netlify.app/",INBOX
2-ZjExOWM4ODYtOTFjNS00ZjdmLThiZDMtODJmYWVkN2EyOWM2XzAxMw==,,Umang Sharma,https://www.linkedin.com/in/codeshot2002,Gehna Malik,https://www.linkedin.com/in/gehna-malik-7b9473193,2023-08-16 12:15:16 UTC,,"Oh, OK",INBOX
2-ZjExOWM4ODYtOTFjNS00ZjdmLThiZDMtODJmYWVkN2EyOWM2XzAxMw==,,Gehna Malik,https://www.linkedin.com/in/gehna-malik-7b9473193,Umang Sharma,https://www.linkedin.com/in/codeshot2002,2023-08-16 04:59:46 UTC,,"Hi Umang, Cognizant doesn’t hire freshers through referral ",INBOX
2-ZjExOWM4ODYtOTFjNS00ZjdmLThiZDMtODJmYWVkN2EyOWM2XzAxMw==,,Umang Sharma,https://www.linkedin.com/in/codeshot2002,Gehna Malik,https://www.linkedin.com/in/gehna-malik-7b9473193,2023-08-13 12:09:18 UTC,,"Hi Mam, I am writing to express my interest for referral at Cognizant. I have a strong background in the following technologies -- • Java • Web Development with ReactJs • Python • SQL • Android Development • Git & Github My portfolio : https://umangsharma-portfolio.netlify.app/",INBOX
2-ZDdlYTBhNGEtMDBmMC00NzBkLTkyZTUtZGVmMmI5OGMwM2MyXzAxMw==,,Umang Sharma,https://www.linkedin.com/in/codeshot2002,Krishna Kumari,https://www.linkedin.com/in/krishna-kumari-0885651b5,2023-08-14 06:24:44 UTC,,"Hi Mam, I am writing to express my interest in the Software Engineer referral at Cognizant. I have a strong background in the following technologies -- • Java • Web Development with ReactJs • Python • SQL • Android Development • Git & Github My portfolio : https://umangsharma-portfolio.netlify.app/",INBOX
2-NTBjYmIwMTctMWMzZS00NDYyLWEyZDItN2IyZDMxZDdmMWI4XzAxMw==,Graduation over? Thinking about your future? This is for you,Parul University,,Umang Sharma,https://www.linkedin.com/in/codeshot2002,2023-08-13 19:33:14 UTC,,"<p class=""spinmail-quill-editor__spin-break"">Hi Umang,</p><p class=""spinmail-quill-editor__spin-break""><br></p><p class=""spinmail-quill-editor__spin-break"">The graduation ceremony is now a memory &amp; you're left with thoughts of what's next? Our <strong>2-Year Online MBA program</strong> is the perfect program for you. Let us show you how!</p><p class=""spinmail-quill-editor__spin-break""><br></p><p class=""spinmail-quill-editor__spin-break""><strong>Parul University</strong> is the Youngest Private University in India to receive<strong> A++ accreditation by NAAC</strong> &amp; is <strong>UGC Entitled</strong> for quality education.</p><p class=""spinmail-quill-editor__spin-break""><br></p><p class=""spinmail-quill-editor__spin-break"">With <strong>150+ awards &amp; rankings</strong> for academic excellence, we have <strong>30 years of educational excellence.</strong></p><p class=""spinmail-quill-editor__spin-break""><br></p><p class=""spinmail-quill-editor__spin-break"">Online MBA has <strong>various benefits </strong>for graduates, including -</p><p class=""spinmail-quill-editor__spin-break""><br></p><p class=""spinmail-quill-editor__spin-break""><strong>✅ Flexible learning</strong></p><p class=""spinmail-quill-editor__spin-break"">✅ <strong>Recorded lectures&nbsp;</strong></p><p class=""spinmail-quill-editor__spin-break"">✅ <strong>Digital library&nbsp;</strong></p><p class=""spinmail-quill-editor__spin-break"">✅ <strong>Online classes &amp; exams</strong></p><p class=""spinmail-quill-editor__spin-break"">✅ <strong>100% Placement assistance</strong></p><p class=""spinmail-quill-editor__spin-break""><br></p><p class=""spinmail-quill-editor__spin-break"">You must be wondering why you should choose our<strong> Online MBA for your post-graduation</strong>, here you go...</p><p class=""spinmail-quill-editor__spin-break""><br></p><p class=""spinmail-quill-editor__spin-break""><strong>⭐ Dual Degree available with the option to pursue a PGD at a 30% scholarship</strong></p><p class=""spinmail-quill-editor__spin-break"">⭐ <strong>5 Free In-demand Certificate Programs to help you build specialized skills</strong></p><p class=""spinmail-quill-editor__spin-break"">⭐ <strong>Pathway Program that can take you from Online to International for a global perspective</strong></p><p class=""spinmail-quill-editor__spin-break"">⭐ <strong>20 new-age specializations to choose from</strong></p><p class=""spinmail-quill-editor__spin-break""><br></p><p class=""spinmail-quill-editor__spin-break"">Take the first step towards<strong> achieving your career goals with our Online MBA program.</strong></p><p class=""spinmail-quill-editor__spin-break""><br></p><p class=""spinmail-quill-editor__spin-break""><strong>Limited Seats Left, Apply Now.</strong></p>",INBOX
2-YTIzM2E0NzQtNzEzYS00MGVhLWIwZTYtYWY0ODE3NmU1Zjc2XzAxMw==,,Umang Sharma,https://www.linkedin.com/in/codeshot2002,Navneet Lohia,https://www.linkedin.com/in/navneet-lohia-452bb4172,2023-08-13 14:33:40 UTC,,"Hi Navneet, I am writing to express my interest in referral at Amazon. I am a fourth-year B.Tech student with a strong background in the following -- • Java • Web Development with ReactJs • Python • SQL • Android Development • Git & Github https://umangsharma-portfolio.netlify.app",INBOX
2-NTVhNWY2NjctZDgwYi00Y2JjLTk3YmUtYmZiNGFhMTIyMmI2XzAxMw==,,Rishabh Saluja,https://www.linkedin.com/in/rishabh-saluja-64250a1a9,Umang Sharma,https://www.linkedin.com/in/codeshot2002,2023-08-13 13:16:48 UTC,,I'll get back to you,INBOX
2-NTVhNWY2NjctZDgwYi00Y2JjLTk3YmUtYmZiNGFhMTIyMmI2XzAxMw==,,Umang Sharma,https://www.linkedin.com/in/codeshot2002,Rishabh Saluja,https://www.linkedin.com/in/rishabh-saluja-64250a1a9,2023-08-13 10:30:05 UTC,,"Hi Rishabh,  I am writing to express my interest in referral at your company. I am a fourth-year B.Tech. student in Computer Science, with a strong background in the following :- Java Web Development with ReactJs  Competitive programming  Python SQL Android Development Git & GitHub Efficient algorithms. In my previous internship at Prudent Bit, I contributed and developed an android application in a short span of time while learning and implementing new things which resulted in growth of our company's reputation for our work and time efficiency.  I am available for an interview at your earliest convenience. Attaching my resume below. Thank you for your time and consideration.  Sincerely, Umang Sharma Portfolio - https://umangsharma-portfolio.netlify.app/",INBOX
2-MzAzMTI1OWUtNzc0ZS00M2ZjLTgzYjktN2MyZjA1M2QwNTMyXzAxMw==,,AKASH KUMAR,https://www.linkedin.com/in/akashkumar0228,Umang Sharma,https://www.linkedin.com/in/codeshot2002,2023-07-18 08:09:30 UTC,,🤣🤣wo ni aati,INBOX
2-MzAzMTI1OWUtNzc0ZS00M2ZjLTgzYjktN2MyZjA1M2QwNTMyXzAxMw==,,Umang Sharma,https://www.linkedin.com/in/codeshot2002,AKASH KUMAR,https://www.linkedin.com/in/akashkumar0228,2023-07-18 08:06:16 UTC,,Bhai python reh gya bio me,INBOX
2-MTkyYzg2YzAtMTZmOC00NzA4LWFlNzEtZGZmMGYwN2YwNDVmXzAxMg==,,Jenifer Rodriguez Vidal 🇨🇷,https://www.linkedin.com/in/jenifer-rodriguez-vidal-🇨🇷-61434948,Umang Sharma,https://www.linkedin.com/in/codeshot2002,2023-03-26 16:57:11 UTC,,Happy birthday!,INBOX
2-ZGJhZWMwZjItMTYxYS00YTUzLTkzMjQtZWNjZmM3MjlmYzZiXzAxMw==,,Umang Sharma,https://www.linkedin.com/in/codeshot2002,Sonia Mondal,https://www.linkedin.com/in/sonia-mondal-b24bbb254,2022-10-26 12:13:44 UTC,,🤣🤣🤣,INBOX
2-ZGJhZWMwZjItMTYxYS00YTUzLTkzMjQtZWNjZmM3MjlmYzZiXzAxMw==,,Umang Sharma,https://www.linkedin.com/in/codeshot2002,Sonia Mondal,https://www.linkedin.com/in/sonia-mondal-b24bbb254,2022-10-26 12:13:42 UTC,,Bajoge,INBOX
2-ZGJhZWMwZjItMTYxYS00YTUzLTkzMjQtZWNjZmM3MjlmYzZiXzAxMw==,,Umang Sharma,https://www.linkedin.com/in/codeshot2002,Sonia Mondal,https://www.linkedin.com/in/sonia-mondal-b24bbb254,2022-10-26 12:13:41 UTC,,Kia sonet se aap puri zindagi radison me bajogr,INBOX
2-ZGJhZWMwZjItMTYxYS00YTUzLTkzMjQtZWNjZmM3MjlmYzZiXzAxMw==,,Sonia Mondal,https://www.linkedin.com/in/sonia-mondal-b24bbb254,Umang Sharma,https://www.linkedin.com/in/codeshot2002,2022-10-26 12:13:03 UTC,,Ohhhhhhhhhhhhhh,INBOX
2-ZGJhZWMwZjItMTYxYS00YTUzLTkzMjQtZWNjZmM3MjlmYzZiXzAxMw==,,Sonia Mondal,https://www.linkedin.com/in/sonia-mondal-b24bbb254,Umang Sharma,https://www.linkedin.com/in/codeshot2002,2022-10-26 12:13:00 UTC,,Hahahahahahahah,INBOX
2-ZGJhZWMwZjItMTYxYS00YTUzLTkzMjQtZWNjZmM3MjlmYzZiXzAxMw==,,Sonia Mondal,https://www.linkedin.com/in/sonia-mondal-b24bbb254,Umang Sharma,https://www.linkedin.com/in/codeshot2002,2022-10-26 12:12:57 UTC,,Well ik my aukat much higher than 1 din ka radisson vs kia sonet ,INBOX
2-ZGJhZWMwZjItMTYxYS00YTUzLTkzMjQtZWNjZmM3MjlmYzZiXzAxMw==,,Umang Sharma,https://www.linkedin.com/in/codeshot2002,Sonia Mondal,https://www.linkedin.com/in/sonia-mondal-b24bbb254,2022-10-26 12:12:47 UTC,,,INBOX
2-ZGJhZWMwZjItMTYxYS00YTUzLTkzMjQtZWNjZmM3MjlmYzZiXzAxMw==,,Umang Sharma,https://www.linkedin.com/in/codeshot2002,Sonia Mondal,https://www.linkedin.com/in/sonia-mondal-b24bbb254,2022-10-26 12:12:37 UTC,,Yes,INBOX
2-ZGJhZWMwZjItMTYxYS00YTUzLTkzMjQtZWNjZmM3MjlmYzZiXzAxMw==,,Sonia Mondal,https://www.linkedin.com/in/sonia-mondal-b24bbb254,Umang Sharma,https://www.linkedin.com/in/codeshot2002,2022-10-26 12:12:33 UTC,,Mf,INBOX
2-ZGJhZWMwZjItMTYxYS00YTUzLTkzMjQtZWNjZmM3MjlmYzZiXzAxMw==,,Umang Sharma,https://www.linkedin.com/in/codeshot2002,Sonia Mondal,https://www.linkedin.com/in/sonia-mondal-b24bbb254,2022-10-26 12:12:26 UTC,,🤣🤣🤣🤣🤣🤣🤣🤣🤣,INBOX
2-ZGJhZWMwZjItMTYxYS00YTUzLTkzMjQtZWNjZmM3MjlmYzZiXzAxMw==,,Umang Sharma,https://www.linkedin.com/in/codeshot2002,Sonia Mondal,https://www.linkedin.com/in/sonia-mondal-b24bbb254,2022-10-26 12:12:24 UTC,,I am sorry to say but “aukaat anusar venue milega”,INBOX
2-ZGJhZWMwZjItMTYxYS00YTUzLTkzMjQtZWNjZmM3MjlmYzZiXzAxMw==,,Umang Sharma,https://www.linkedin.com/in/codeshot2002,Sonia Mondal,https://www.linkedin.com/in/sonia-mondal-b24bbb254,2022-10-26 12:11:51 UTC,,Venue is the back seat,INBOX
2-ZGJhZWMwZjItMTYxYS00YTUzLTkzMjQtZWNjZmM3MjlmYzZiXzAxMw==,,Sonia Mondal,https://www.linkedin.com/in/sonia-mondal-b24bbb254,Umang Sharma,https://www.linkedin.com/in/codeshot2002,2022-10-26 12:11:46 UTC,,Ill only come if you set up a meeting in radisson blu ,INBOX
2-ZGJhZWMwZjItMTYxYS00YTUzLTkzMjQtZWNjZmM3MjlmYzZiXzAxMw==,,Umang Sharma,https://www.linkedin.com/in/codeshot2002,Sonia Mondal,https://www.linkedin.com/in/sonia-mondal-b24bbb254,2022-10-26 12:11:33 UTC,,Today 7Pm near hemisphere ,INBOX
2-ZGJhZWMwZjItMTYxYS00YTUzLTkzMjQtZWNjZmM3MjlmYzZiXzAxMw==,,Sonia Mondal,https://www.linkedin.com/in/sonia-mondal-b24bbb254,Umang Sharma,https://www.linkedin.com/in/codeshot2002,2022-10-26 12:11:15 UTC,,Kindly share interview date and venue ,INBOX
2-ZGJhZWMwZjItMTYxYS00YTUzLTkzMjQtZWNjZmM3MjlmYzZiXzAxMw==,,Umang Sharma,https://www.linkedin.com/in/codeshot2002,Sonia Mondal,https://www.linkedin.com/in/sonia-mondal-b24bbb254,2022-10-26 12:11:14 UTC,,Hahaahahahahahhahaha,INBOX
2-ZGJhZWMwZjItMTYxYS00YTUzLTkzMjQtZWNjZmM3MjlmYzZiXzAxMw==,,Sonia Mondal,https://www.linkedin.com/in/sonia-mondal-b24bbb254,Umang Sharma,https://www.linkedin.com/in/codeshot2002,2022-10-26 12:10:53 UTC,,1. Bigger than your dreams 2. Any pos where you can put that d 3.until you cum 4.only if you eat my pussy back 5.handful of dough ,INBOX
2-ZGJhZWMwZjItMTYxYS00YTUzLTkzMjQtZWNjZmM3MjlmYzZiXzAxMw==,,Umang Sharma,https://www.linkedin.com/in/codeshot2002,Sonia Mondal,https://www.linkedin.com/in/sonia-mondal-b24bbb254,2022-10-26 12:06:03 UTC,,Bitch,INBOX
2-ZGJhZWMwZjItMTYxYS00YTUzLTkzMjQtZWNjZmM3MjlmYzZiXzAxMw==,,Umang Sharma,https://www.linkedin.com/in/codeshot2002,Sonia Mondal,https://www.linkedin.com/in/sonia-mondal-b24bbb254,2022-10-26 12:06:01 UTC,,7 inch,INBOX
2-ZGJhZWMwZjItMTYxYS00YTUzLTkzMjQtZWNjZmM3MjlmYzZiXzAxMw==,,Sonia Mondal,https://www.linkedin.com/in/sonia-mondal-b24bbb254,Umang Sharma,https://www.linkedin.com/in/codeshot2002,2022-10-26 12:05:34 UTC,,Please send your dick size,INBOX
2-ZGJhZWMwZjItMTYxYS00YTUzLTkzMjQtZWNjZmM3MjlmYzZiXzAxMw==,,Sonia Mondal,https://www.linkedin.com/in/sonia-mondal-b24bbb254,Umang Sharma,https://www.linkedin.com/in/codeshot2002,2022-10-26 12:05:28 UTC,,Sure sir,INBOX
2-ZGJhZWMwZjItMTYxYS00YTUzLTkzMjQtZWNjZmM3MjlmYzZiXzAxMw==,,Sonia Mondal,https://www.linkedin.com/in/sonia-mondal-b24bbb254,Umang Sharma,https://www.linkedin.com/in/codeshot2002,2022-10-26 12:05:26 UTC,,Alright,INBOX
2-ZGJhZWMwZjItMTYxYS00YTUzLTkzMjQtZWNjZmM3MjlmYzZiXzAxMw==,,Sonia Mondal,https://www.linkedin.com/in/sonia-mondal-b24bbb254,Umang Sharma,https://www.linkedin.com/in/codeshot2002,2022-10-26 12:05:23 UTC,,Hahahahahahahahahah,INBOX
2-ZGJhZWMwZjItMTYxYS00YTUzLTkzMjQtZWNjZmM3MjlmYzZiXzAxMw==,,Umang Sharma,https://www.linkedin.com/in/codeshot2002,Sonia Mondal,https://www.linkedin.com/in/sonia-mondal-b24bbb254,2022-10-26 11:55:26 UTC,,We will proceed further after your approval,INBOX
2-ZGJhZWMwZjItMTYxYS00YTUzLTkzMjQtZWNjZmM3MjlmYzZiXzAxMw==,,Umang Sharma,https://www.linkedin.com/in/codeshot2002,Sonia Mondal,https://www.linkedin.com/in/sonia-mondal-b24bbb254,2022-10-26 11:55:07 UTC,,Send me your cv containing necessary information like  1) Size of your ass 2) Fav sex pos 3) How long can you last 4) Do you like BJ 5) Tity size,INBOX
2-ZGJhZWMwZjItMTYxYS00YTUzLTkzMjQtZWNjZmM3MjlmYzZiXzAxMw==,,Umang Sharma,https://www.linkedin.com/in/codeshot2002,Sonia Mondal,https://www.linkedin.com/in/sonia-mondal-b24bbb254,2022-10-26 11:53:59 UTC,,Hey sonia mondal I loved your profile and want to give you a golden opportunity to be my whore for the rest of your life,INBOX
2-ZTA0OTFjNGYtYjdhMS00OWE5LWFjZDQtYTc1ZjE1YWY4Njg3XzAxMw==,,Sidharth Roy,https://www.linkedin.com/in/sidharth-roy-08812b244,Umang Sharma,https://www.linkedin.com/in/codeshot2002,2022-10-26 11:53:28 UTC,,Hi It's my pleasure to connect with you  Are you looking for any kind of Job Oriented Training courses like 1. Web Development 2. App Development 3. Graphic Design 4. Full Stack Development 5. Digital Marketing/Advanced Digital Marketing  or many more Job Oriented Training courses?,INBOX
2-MjhmNzYyODYtNzc0NC00NGFkLWJkYjUtMzNlYzJiNTAxNDBkXzAxMw==,,Umang Sharma,https://www.linkedin.com/in/codeshot2002,Ariyama Yadav,https://www.linkedin.com/in/ariyama-yadav-17b6a3124,2022-08-09 05:26:42 UTC,,"Hello mam, I am computer science 3rd year student with keen habit of learning new things wanted to ask you that is there any internship program available in Appincuba and if there is these are some skills of mine I want to mention about (Core Java, python, Java script, android development) Thank you",INBOX
2-YmEzNzcwY2YtZmU5NS00ZjRlLWFiYTQtNDJiNTBiN2MzYTMyXzAxMw==,,Awantika Tewari,https://www.linkedin.com/in/awantika-tewari-9822976a,Umang Sharma,https://www.linkedin.com/in/codeshot2002,2022-06-21 15:27:05 UTC,,Thanks,INBOX
2-YmEzNzcwY2YtZmU5NS00ZjRlLWFiYTQtNDJiNTBiN2MzYTMyXzAxMw==,,Awantika Tewari,https://www.linkedin.com/in/awantika-tewari-9822976a,Umang Sharma,https://www.linkedin.com/in/codeshot2002,2022-06-21 15:27:04 UTC,,Please share your CV. I shall look into it.,INBOX
2-YmEzNzcwY2YtZmU5NS00ZjRlLWFiYTQtNDJiNTBiN2MzYTMyXzAxMw==,,Awantika Tewari,https://www.linkedin.com/in/awantika-tewari-9822976a,Umang Sharma,https://www.linkedin.com/in/codeshot2002,2022-06-21 15:26:51 UTC,,"Hi, Umang",INBOX
2-YmEzNzcwY2YtZmU5NS00ZjRlLWFiYTQtNDJiNTBiN2MzYTMyXzAxMw==,,Umang Sharma,https://www.linkedin.com/in/codeshot2002,Awantika Tewari,https://www.linkedin.com/in/awantika-tewari-9822976a,2022-06-21 14:09:59 UTC,,"Hello mam, I am computer science 3rd year student wanted to ask you, is there any internship program available in Amazon? These are some relevant skills I have learned till now and want to learn more -Core Java, python, Java script, android development Thank you Umang Sharma",INBOX
2-NWFjNTliZTYtN2EyNi00NGFmLWI2ZDktY2JiZjEzNTBkYjBjXzAxMw==,,Umang Sharma,https://www.linkedin.com/in/codeshot2002,Tripti B.,https://www.linkedin.com/in/triptibose021191,2022-06-06 12:38:27 UTC,,Okay,INBOX
2-NWFjNTliZTYtN2EyNi00NGFmLWI2ZDktY2JiZjEzNTBkYjBjXzAxMw==,,Tripti B.,https://www.linkedin.com/in/triptibose021191,Umang Sharma,https://www.linkedin.com/in/codeshot2002,2022-06-06 12:36:32 UTC,,Currently we have a opening for php developer ,INBOX
2-NWFjNTliZTYtN2EyNi00NGFmLWI2ZDktY2JiZjEzNTBkYjBjXzAxMw==,,Umang Sharma,https://www.linkedin.com/in/codeshot2002,Tripti B.,https://www.linkedin.com/in/triptibose021191,2022-06-06 12:34:02 UTC,,Mam can you provide me details about the vacancies available in quizy,INBOX
2-NWFjNTliZTYtN2EyNi00NGFmLWI2ZDktY2JiZjEzNTBkYjBjXzAxMw==,,Umang Sharma,https://www.linkedin.com/in/codeshot2002,Tripti B.,https://www.linkedin.com/in/triptibose021191,2022-06-04 06:28:40 UTC,,"Yes, sure",INBOX
2-NWFjNTliZTYtN2EyNi00NGFmLWI2ZDktY2JiZjEzNTBkYjBjXzAxMw==,,Tripti B.,https://www.linkedin.com/in/triptibose021191,Umang Sharma,https://www.linkedin.com/in/codeshot2002,2022-06-04 06:27:18 UTC,,they might have some vacancies for internship,INBOX
2-NWFjNTliZTYtN2EyNi00NGFmLWI2ZDktY2JiZjEzNTBkYjBjXzAxMw==,,Tripti B.,https://www.linkedin.com/in/triptibose021191,Umang Sharma,https://www.linkedin.com/in/codeshot2002,2022-06-04 06:26:39 UTC,,Will you be ok with my client company name Quizy,INBOX
2-NWFjNTliZTYtN2EyNi00NGFmLWI2ZDktY2JiZjEzNTBkYjBjXzAxMw==,,Tripti B.,https://www.linkedin.com/in/triptibose021191,Umang Sharma,https://www.linkedin.com/in/codeshot2002,2022-06-04 06:24:32 UTC,,Okay,INBOX
2-NWFjNTliZTYtN2EyNi00NGFmLWI2ZDktY2JiZjEzNTBkYjBjXzAxMw==,,Umang Sharma,https://www.linkedin.com/in/codeshot2002,Tripti B.,https://www.linkedin.com/in/triptibose021191,2022-06-04 06:20:00 UTC,,"No mam, But I can definitely work my way through",INBOX
2-NWFjNTliZTYtN2EyNi00NGFmLWI2ZDktY2JiZjEzNTBkYjBjXzAxMw==,,Tripti B.,https://www.linkedin.com/in/triptibose021191,Umang Sharma,https://www.linkedin.com/in/codeshot2002,2022-06-04 06:18:52 UTC,,Do you have any knowledge? regarding PHP?,INBOX
2-NWFjNTliZTYtN2EyNi00NGFmLWI2ZDktY2JiZjEzNTBkYjBjXzAxMw==,,Umang Sharma,https://www.linkedin.com/in/codeshot2002,Tripti B.,https://www.linkedin.com/in/triptibose021191,2022-06-04 06:18:16 UTC,,Hello mam,INBOX
2-NWFjNTliZTYtN2EyNi00NGFmLWI2ZDktY2JiZjEzNTBkYjBjXzAxMw==,,Tripti B.,https://www.linkedin.com/in/triptibose021191,Umang Sharma,https://www.linkedin.com/in/codeshot2002,2022-06-04 06:17:39 UTC,,Hi Umang,INBOX
2-NWFjNTliZTYtN2EyNi00NGFmLWI2ZDktY2JiZjEzNTBkYjBjXzAxMw==,,Umang Sharma,https://www.linkedin.com/in/codeshot2002,Tripti B.,https://www.linkedin.com/in/triptibose021191,2022-06-03 19:44:01 UTC,Internship,"Hello mam, I am computer science 3rd year student wanted to ask you, is there any internship program available in Amazon? These are some relevant skills I have learned till now and want to learn more -Core Java, python, Java script, android development If you will show me the path I promise you, I will catch up everything in my way and develop new skills according to the need because I am really interested in learning new things :)  Thank you Umang Sharma",INBOX
2-MDc0ZDc2ZTMtNmZlMy00Y2VkLTlmNDktYjYzNzc5NzUxY2VhXzAxMw==,,Umang Sharma,https://www.linkedin.com/in/codeshot2002,Shalini  Tiwari,https://www.linkedin.com/in/shalini-tiwari-39448516b,2022-06-06 12:32:49 UTC,,"Hello mam, I am computer science 3rd year student with keen habit of learning new things wanted to ask you that is there any internship program available in company and if there is these are some skills of mine I want to mention about (Core Java, python, Java script, android development) Thank you",INBOX
2-NGQxM2U3NDEtYTVmMS00YzY1LTk0ZGMtNzk2MTExMmM2YmQ1XzAxMw==,,Umang Sharma,https://www.linkedin.com/in/codeshot2002,Neelam Kholiya,https://www.linkedin.com/in/neelam-kholiya-4a6574114,2022-06-04 15:56:35 UTC,,"Hello mam, I am computer science 3rd year student wanted to ask you, is there any internship program available in Amazon? These are some relevant skills I have learned till now and want to learn more -Core Java, python, Java script, android development Thank you Umang Sharma",INBOX
2-Njc2YmIzN2EtZjFkOS00MzI5LTkzNDQtMmRkNWJkYTJmYjFmXzAxMw==,,Umang Sharma,https://www.linkedin.com/in/codeshot2002,Pratyush Negi,https://www.linkedin.com/in/pratyush-negi-a37b1420a,2022-05-10 18:47:40 UTC,,betichod,INBOX
2-Njc2YmIzN2EtZjFkOS00MzI5LTkzNDQtMmRkNWJkYTJmYjFmXzAxMw==,,Umang Sharma,https://www.linkedin.com/in/codeshot2002,Pratyush Negi,https://www.linkedin.com/in/pratyush-negi-a37b1420a,2022-02-03 22:19:05 UTC,,soja bhosdk,INBOX
2-Njc2YmIzN2EtZjFkOS00MzI5LTkzNDQtMmRkNWJkYTJmYjFmXzAxMw==,,Umang Sharma,https://www.linkedin.com/in/codeshot2002,Pratyush Negi,https://www.linkedin.com/in/pratyush-negi-a37b1420a,2022-02-02 13:56:22 UTC,,Hahahhahaha,INBOX
2-Njc2YmIzN2EtZjFkOS00MzI5LTkzNDQtMmRkNWJkYTJmYjFmXzAxMw==,,Pratyush Negi,https://www.linkedin.com/in/pratyush-negi-a37b1420a,Umang Sharma,https://www.linkedin.com/in/codeshot2002,2022-02-01 14:01:49 UTC,,And a big dick,INBOX
2-Njc2YmIzN2EtZjFkOS00MzI5LTkzNDQtMmRkNWJkYTJmYjFmXzAxMw==,,Pratyush Negi,https://www.linkedin.com/in/pratyush-negi-a37b1420a,Umang Sharma,https://www.linkedin.com/in/codeshot2002,2022-02-01 14:01:30 UTC,,I can offer my behind,INBOX
2-Njc2YmIzN2EtZjFkOS00MzI5LTkzNDQtMmRkNWJkYTJmYjFmXzAxMw==,,Umang Sharma,https://www.linkedin.com/in/codeshot2002,Pratyush Negi,https://www.linkedin.com/in/pratyush-negi-a37b1420a,2022-02-01 14:01:00 UTC,,what skills do you offer?,INBOX
2-Njc2YmIzN2EtZjFkOS00MzI5LTkzNDQtMmRkNWJkYTJmYjFmXzAxMw==,,Umang Sharma,https://www.linkedin.com/in/codeshot2002,Pratyush Negi,https://www.linkedin.com/in/pratyush-negi-a37b1420a,2022-02-01 14:00:54 UTC,,I would like to hire you,INBOX
2-Njc2YmIzN2EtZjFkOS00MzI5LTkzNDQtMmRkNWJkYTJmYjFmXzAxMw==,,Pratyush Negi,https://www.linkedin.com/in/pratyush-negi-a37b1420a,Umang Sharma,https://www.linkedin.com/in/codeshot2002,2022-02-01 14:00:13 UTC,,Bhai mai kehra yeh konsa naya aap aagya,INBOX
2-Njc2YmIzN2EtZjFkOS00MzI5LTkzNDQtMmRkNWJkYTJmYjFmXzAxMw==,,Pratyush Negi,https://www.linkedin.com/in/pratyush-negi-a37b1420a,Umang Sharma,https://www.linkedin.com/in/codeshot2002,2022-02-01 14:00:02 UTC,,Good luck!,INBOX
2-Njc2YmIzN2EtZjFkOS00MzI5LTkzNDQtMmRkNWJkYTJmYjFmXzAxMw==,,Pratyush Negi,https://www.linkedin.com/in/pratyush-negi-a37b1420a,Umang Sharma,https://www.linkedin.com/in/codeshot2002,2022-02-01 13:59:58 UTC,,Cool,INBOX
2-Njc2YmIzN2EtZjFkOS00MzI5LTkzNDQtMmRkNWJkYTJmYjFmXzAxMw==,,Pratyush Negi,https://www.linkedin.com/in/pratyush-negi-a37b1420a,Umang Sharma,https://www.linkedin.com/in/codeshot2002,2022-02-01 13:59:55 UTC,,Haha,INBOX
2-Njc2YmIzN2EtZjFkOS00MzI5LTkzNDQtMmRkNWJkYTJmYjFmXzAxMw==,,Umang Sharma,https://www.linkedin.com/in/codeshot2002,Pratyush Negi,https://www.linkedin.com/in/pratyush-negi-a37b1420a,2022-02-01 13:59:42 UTC,,hahahahahhaha,INBOX
2-Njc2YmIzN2EtZjFkOS00MzI5LTkzNDQtMmRkNWJkYTJmYjFmXzAxMw==,,Umang Sharma,https://www.linkedin.com/in/codeshot2002,Pratyush Negi,https://www.linkedin.com/in/pratyush-negi-a37b1420a,2022-02-01 13:59:38 UTC,,skills me likhle : mote chuche,INBOX
2-Njc2YmIzN2EtZjFkOS00MzI5LTkzNDQtMmRkNWJkYTJmYjFmXzAxMw==,,Pratyush Negi,https://www.linkedin.com/in/pratyush-negi-a37b1420a,Umang Sharma,https://www.linkedin.com/in/codeshot2002,2022-02-01 13:59:27 UTC,,Hahahahahahahaha,INBOX
2-Njc2YmIzN2EtZjFkOS00MzI5LTkzNDQtMmRkNWJkYTJmYjFmXzAxMw==,,Umang Sharma,https://www.linkedin.com/in/codeshot2002,Pratyush Negi,https://www.linkedin.com/in/pratyush-negi-a37b1420a,2022-02-01 13:59:14 UTC,,hhaahahahhaha,INBOX
2-Njc2YmIzN2EtZjFkOS00MzI5LTkzNDQtMmRkNWJkYTJmYjFmXzAxMw==,,Pratyush Negi,https://www.linkedin.com/in/pratyush-negi-a37b1420a,Umang Sharma,https://www.linkedin.com/in/codeshot2002,2022-02-01 13:58:58 UTC,,Jaa na lavde,INBOX
2-Njc2YmIzN2EtZjFkOS00MzI5LTkzNDQtMmRkNWJkYTJmYjFmXzAxMw==,,Umang Sharma,https://www.linkedin.com/in/codeshot2002,Pratyush Negi,https://www.linkedin.com/in/pratyush-negi-a37b1420a,2022-02-01 13:58:21 UTC,,bhosdk,INBOX
2-NmQ3M2EwMzYtOWMwNC00ZDc5LTgzNTItOWU0YTUyODNhZTM3XzAxMg==,,Umang Sharma,https://www.linkedin.com/in/codeshot2002,karishma Hinduja,https://www.linkedin.com/in/karishma-hinduja-691264a4,2022-02-02 13:07:13 UTC,,"Hello mam, I am a 2nd year computer science student currently pursuing my bachelors, I am really interested in coding and software field but need someone to guide me along, I wanted to know what do HR look for in students while hiring interns? and if you are hiring intern I am interested! Thank you",INBOX
2-MDEwYTMxNjQtZTUzZC00YzliLTgxYTEtZTBiNThkMmQ2NmI1XzAxMw==,,Umang Sharma,https://www.linkedin.com/in/codeshot2002,Prashitha Bhatia,https://www.linkedin.com/in/prashitha-bhatia-181356145,2022-02-01 13:49:10 UTC,,"Sure, thanks",INBOX
2-MDEwYTMxNjQtZTUzZC00YzliLTgxYTEtZTBiNThkMmQ2NmI1XzAxMw==,,Prashitha Bhatia,https://www.linkedin.com/in/prashitha-bhatia-181356145,Umang Sharma,https://www.linkedin.com/in/codeshot2002,2022-02-01 04:18:39 UTC,,Will let u know if I have any lead ,INBOX
2-MDEwYTMxNjQtZTUzZC00YzliLTgxYTEtZTBiNThkMmQ2NmI1XzAxMw==,,Umang Sharma,https://www.linkedin.com/in/codeshot2002,Prashitha Bhatia,https://www.linkedin.com/in/prashitha-bhatia-181356145,2022-02-01 04:17:29 UTC,,"Hello mam, I am a 2nd year computer science student, I am really interested in coding and developing but need someone to guide me along, So I wanted to know what do companies look for in student while hiring interns? I am good at core java  If you are hiring interns, I am interested :)  Thank you ",INBOX
2-ZThjZjgwNTgtYWMyNy00NTBhLWIxMmQtNWM3MGJlMWJiNmFlXzAxMA==,,D Bh,https://www.linkedin.com/in/d-bh-6955b71a7,Umang Sharma,https://www.linkedin.com/in/codeshot2002,2021-11-20 16:16:18 UTC,,Pdhai to chal hi ri h ,INBOX
2-ZThjZjgwNTgtYWMyNy00NTBhLWIxMmQtNWM3MGJlMWJiNmFlXzAxMA==,,Umang Sharma,https://www.linkedin.com/in/codeshot2002,D Bh,https://www.linkedin.com/in/d-bh-6955b71a7,2021-11-20 16:01:01 UTC,,😂😂😂😂,INBOX
2-ZThjZjgwNTgtYWMyNy00NTBhLWIxMmQtNWM3MGJlMWJiNmFlXzAxMA==,,Umang Sharma,https://www.linkedin.com/in/codeshot2002,D Bh,https://www.linkedin.com/in/d-bh-6955b71a7,2021-11-20 16:00:59 UTC,,Padhle sadde,INBOX
2-ZThjZjgwNTgtYWMyNy00NTBhLWIxMmQtNWM3MGJlMWJiNmFlXzAxMA==,,D Bh,https://www.linkedin.com/in/d-bh-6955b71a7,Umang Sharma,https://www.linkedin.com/in/codeshot2002,2021-11-20 15:58:52 UTC,,I am back !,INBOX
2-ZjM2NmJkNzMtNjg1OS00MTc1LWE2NDUtYzJlMDdhYzhkYjkyXzAxMw==,,Muskan Agarwal  ,https://www.linkedin.com/in/muskanagarwall,Umang Sharma,https://www.linkedin.com/in/codeshot2002,2021-09-04 18:15:55 UTC,,Okay,INBOX
2-ZjM2NmJkNzMtNjg1OS00MTc1LWE2NDUtYzJlMDdhYzhkYjkyXzAxMw==,,Umang Sharma,https://www.linkedin.com/in/codeshot2002,Muskan Agarwal  ,https://www.linkedin.com/in/muskanagarwall,2021-09-04 18:15:44 UTC,,I don’t think it is possible because my resume was downloaded in my desktop and currently i am not at home,INBOX
2-ZjM2NmJkNzMtNjg1OS00MTc1LWE2NDUtYzJlMDdhYzhkYjkyXzAxMw==,,Muskan Agarwal  ,https://www.linkedin.com/in/muskanagarwall,Umang Sharma,https://www.linkedin.com/in/codeshot2002,2021-09-04 18:04:18 UTC,,If possible can you send me your resume that you submitted?,INBOX
2-ZjM2NmJkNzMtNjg1OS00MTc1LWE2NDUtYzJlMDdhYzhkYjkyXzAxMw==,,Muskan Agarwal  ,https://www.linkedin.com/in/muskanagarwall,Umang Sharma,https://www.linkedin.com/in/codeshot2002,2021-09-04 18:03:52 UTC,,Okay,INBOX
2-ZjM2NmJkNzMtNjg1OS00MTc1LWE2NDUtYzJlMDdhYzhkYjkyXzAxMw==,,Umang Sharma,https://www.linkedin.com/in/codeshot2002,Muskan Agarwal  ,https://www.linkedin.com/in/muskanagarwall,2021-09-04 18:03:26 UTC,,Then I don’t think you can add anything extra in it,INBOX
2-ZjM2NmJkNzMtNjg1OS00MTc1LWE2NDUtYzJlMDdhYzhkYjkyXzAxMw==,,Umang Sharma,https://www.linkedin.com/in/codeshot2002,Muskan Agarwal  ,https://www.linkedin.com/in/muskanagarwall,2021-09-04 18:02:53 UTC,,Hmm,INBOX
2-ZjM2NmJkNzMtNjg1OS00MTc1LWE2NDUtYzJlMDdhYzhkYjkyXzAxMw==,,Muskan Agarwal  ,https://www.linkedin.com/in/muskanagarwall,Umang Sharma,https://www.linkedin.com/in/codeshot2002,2021-09-04 18:00:58 UTC,,ummm in that also they have mentioned one honors and awards as sub category and cant add more,INBOX
2-ZjM2NmJkNzMtNjg1OS00MTc1LWE2NDUtYzJlMDdhYzhkYjkyXzAxMw==,,Umang Sharma,https://www.linkedin.com/in/codeshot2002,Muskan Agarwal  ,https://www.linkedin.com/in/muskanagarwall,2021-09-04 18:00:04 UTC,,You can write it in additional category ,INBOX
2-ZjM2NmJkNzMtNjg1OS00MTc1LWE2NDUtYzJlMDdhYzhkYjkyXzAxMw==,,Muskan Agarwal  ,https://www.linkedin.com/in/muskanagarwall,Umang Sharma,https://www.linkedin.com/in/codeshot2002,2021-09-04 17:58:57 UTC,,Yes yes but suppose I have to add extra curricular section there is no option for that,INBOX
2-ZjM2NmJkNzMtNjg1OS00MTc1LWE2NDUtYzJlMDdhYzhkYjkyXzAxMw==,,Umang Sharma,https://www.linkedin.com/in/codeshot2002,Muskan Agarwal  ,https://www.linkedin.com/in/muskanagarwall,2021-09-04 17:57:56 UTC,,additional*,INBOX
2-ZjM2NmJkNzMtNjg1OS00MTc1LWE2NDUtYzJlMDdhYzhkYjkyXzAxMw==,,Umang Sharma,https://www.linkedin.com/in/codeshot2002,Muskan Agarwal  ,https://www.linkedin.com/in/muskanagarwall,2021-09-04 17:57:40 UTC,,"There is no option to bold letters, but you can add more headings in Description box using bullet points or using the '+' icon in skillsets, projects and addition category",INBOX
2-ZjM2NmJkNzMtNjg1OS00MTc1LWE2NDUtYzJlMDdhYzhkYjkyXzAxMw==,,Muskan Agarwal  ,https://www.linkedin.com/in/muskanagarwall,Umang Sharma,https://www.linkedin.com/in/codeshot2002,2021-09-04 17:53:12 UTC,,okay,INBOX
2-ZjM2NmJkNzMtNjg1OS00MTc1LWE2NDUtYzJlMDdhYzhkYjkyXzAxMw==,,Umang Sharma,https://www.linkedin.com/in/codeshot2002,Muskan Agarwal  ,https://www.linkedin.com/in/muskanagarwall,2021-09-04 17:52:59 UTC,,Wait let me check,INBOX
2-ZjM2NmJkNzMtNjg1OS00MTc1LWE2NDUtYzJlMDdhYzhkYjkyXzAxMw==,,Muskan Agarwal  ,https://www.linkedin.com/in/muskanagarwall,Umang Sharma,https://www.linkedin.com/in/codeshot2002,2021-09-04 17:52:15 UTC,,this is the one right? I am trying to add but there is no option,INBOX
2-ZjM2NmJkNzMtNjg1OS00MTc1LWE2NDUtYzJlMDdhYzhkYjkyXzAxMw==,,Muskan Agarwal  ,https://www.linkedin.com/in/muskanagarwall,Umang Sharma,https://www.linkedin.com/in/codeshot2002,2021-09-04 17:51:54 UTC,,https://hackerresume.com/,INBOX
2-ZjM2NmJkNzMtNjg1OS00MTc1LWE2NDUtYzJlMDdhYzhkYjkyXzAxMw==,,Umang Sharma,https://www.linkedin.com/in/codeshot2002,Muskan Agarwal  ,https://www.linkedin.com/in/muskanagarwall,2021-09-04 17:51:30 UTC,,I guess you can enter more headings in their given categories only,INBOX
2-ZjM2NmJkNzMtNjg1OS00MTc1LWE2NDUtYzJlMDdhYzhkYjkyXzAxMw==,,Umang Sharma,https://www.linkedin.com/in/codeshot2002,Muskan Agarwal  ,https://www.linkedin.com/in/muskanagarwall,2021-09-04 17:51:08 UTC,,Yes there was a option to bold your text,INBOX
2-ZjM2NmJkNzMtNjg1OS00MTc1LWE2NDUtYzJlMDdhYzhkYjkyXzAxMw==,,Muskan Agarwal  ,https://www.linkedin.com/in/muskanagarwall,Umang Sharma,https://www.linkedin.com/in/codeshot2002,2021-09-04 17:48:57 UTC,,If you remember,INBOX
2-ZjM2NmJkNzMtNjg1OS00MTc1LWE2NDUtYzJlMDdhYzhkYjkyXzAxMw==,,Muskan Agarwal  ,https://www.linkedin.com/in/muskanagarwall,Umang Sharma,https://www.linkedin.com/in/codeshot2002,2021-09-04 17:48:50 UTC,,Was there an option to bold things? Or if we want to mention some more heading?,INBOX
2-ZjM2NmJkNzMtNjg1OS00MTc1LWE2NDUtYzJlMDdhYzhkYjkyXzAxMw==,,Umang Sharma,https://www.linkedin.com/in/codeshot2002,Muskan Agarwal  ,https://www.linkedin.com/in/muskanagarwall,2021-09-04 17:48:01 UTC,,"Sorry, I don't remember how I mentioned my profile in it.",INBOX
2-ZjM2NmJkNzMtNjg1OS00MTc1LWE2NDUtYzJlMDdhYzhkYjkyXzAxMw==,,Muskan Agarwal  ,https://www.linkedin.com/in/muskanagarwall,Umang Sharma,https://www.linkedin.com/in/codeshot2002,2021-09-04 17:41:42 UTC,,okay okay so they have asked to put out hackerrank profile In it. But when I am making it there is no such section.,INBOX
2-ZjM2NmJkNzMtNjg1OS00MTc1LWE2NDUtYzJlMDdhYzhkYjkyXzAxMw==,,Umang Sharma,https://www.linkedin.com/in/codeshot2002,Muskan Agarwal  ,https://www.linkedin.com/in/muskanagarwall,2021-09-04 17:40:51 UTC,,I made my resume using hackerresume because it was written in their guidelines ,INBOX
2-ZjM2NmJkNzMtNjg1OS00MTc1LWE2NDUtYzJlMDdhYzhkYjkyXzAxMw==,,Muskan Agarwal  ,https://www.linkedin.com/in/muskanagarwall,Umang Sharma,https://www.linkedin.com/in/codeshot2002,2021-09-04 17:39:28 UTC,,"Hey, This is Muskan. I saw on your profile regarding Hackerrank Internship, I just wanted to ask did you made the resume using hackerresume or any other one?",INBOX
2-ZTY4MzA2MTYtODlhNi00MjIzLTk1YWQtYmVjMjAxNmZkMzU3XzAxMA==,Sponsored Conversation,LinkedIn Member,,Umang Sharma,https://www.linkedin.com/in/codeshot2002,2024-03-19 03:12:05 UTC,,"<p class=""spinmail-quill-editor__spin-break"">Hello %FIRSTNAME%,</p><p class=""spinmail-quill-editor__spin-break"">We are Sparta Coding Club, Korea's No.1 coding institution with 5 lakh+ global alumni since 2019. We've launched a FREE Web Development Course that may interest you.</p><p class=""spinmail-quill-editor__spin-break""><br></p><p class=""spinmail-quill-editor__spin-break"">Upon completing the course, you will be given access to the opportunities to work on real-world projects with global companies.</p><p class=""spinmail-quill-editor__spin-break""><br></p><p class=""spinmail-quill-editor__spin-break"">📌 100% Online, Self-paced</p><p class=""spinmail-quill-editor__spin-break"">📌 Free of Cost - No Tuition Fee</p><p class=""spinmail-quill-editor__spin-break"">📌 No Coding Knowledge Needed</p><p class=""spinmail-quill-editor__spin-break"">📌 Web Development Basics (html, css, python) + React.js&nbsp;</p><p class=""spinmail-quill-editor__spin-break""><br></p><p class=""spinmail-quill-editor__spin-break"">Sparta Coding Club offers a comprehensive program designed to kickstart your tech career. Join us now for free!</p><p class=""spinmail-quill-editor__spin-break""><br></p><p class=""spinmail-quill-editor__spin-break"">👉 Find out more: <a href=""https://india.spartacodingclub.com/"" rel=""noopener nofollow"" target=""_blank"" class=""ql-link"">https://india.spartacodingclub.com/</a></p>",ARCHIVE
2-YzExMzg5MjUtMzkzNy00MWZlLTg5MjItNzZkYTRiN2YzMTNmXzAxMA==,Sponsored Conversation,LinkedIn Member,,Umang Sharma,https://www.linkedin.com/in/codeshot2002,2024-03-14 08:56:54 UTC,,"<p class=""spinmail-quill-editor__spin-break"">Hi there, %FIRSTNAME%! My name is Franklin from the LinkedIn Premium team. Reactivate your Premium subscription now and get 50% off 2 months of LinkedIn Premium. </p>",ARCHIVE
2-MGE3YzU5NDctMDNjYi00M2I2LWEzNjItMWRhOGQ1OTQ0OTY0XzAxMA==,Sponsored Conversation,LinkedIn Member,,Umang Sharma,https://www.linkedin.com/in/codeshot2002,2024-02-11 12:28:24 UTC,,"<p class=""spinmail-quill-editor__spin-break"">Hi %FIRSTNAME%,</p><p class=""spinmail-quill-editor__spin-break""><br></p><p class=""spinmail-quill-editor__spin-break"">Are you currently exploring new job opportunities?</p><p class=""spinmail-quill-editor__spin-break""><br></p><p class=""spinmail-quill-editor__spin-break"">If so, I can introduce you to some of Linkedin’s tools to help with your search.</p>",ARCHIVE
2-MzliMzk5NDEtZGFkNS00NmVmLTg0MDgtYjVmYTMyZjI3ZWIyXzAxMA==,Sponsored Conversation,LinkedIn Member,,Umang Sharma,https://www.linkedin.com/in/codeshot2002,2023-12-25 17:30:52 UTC,,"<p class=""spinmail-quill-editor__spin-break"">Hi there, %FIRSTNAME%! My name is Franklin from the LinkedIn Premium team. We want you to be well prepared for your next career move. Reactivate your Premium subscription now and get 50% off 2 months of LinkedIn Premium.</p>",ARCHIVE
2-NWRlNjQzZmUtOWQ1ZC00YWY1LWJhNTctNjMyZDE1MTQzMTZkXzAxMA==,Sponsored Conversation,LinkedIn Member,,Umang Sharma,https://www.linkedin.com/in/codeshot2002,2023-12-21 02:52:50 UTC,,"<p class=""spinmail-quill-editor__spin-break"">Hi %FIRSTNAME%!</p><p class=""spinmail-quill-editor__spin-break""><br></p><p class=""spinmail-quill-editor__spin-break"">You're not made to crunch numbers. You're made to crush the numbers game.</p><p class=""spinmail-quill-editor__spin-break""><br></p><p class=""spinmail-quill-editor__spin-break"">Become a high-performing Financial Strategist in the digital world with Hero Vired’s Certificate Program in Financial Analysis, Valuation &amp; Risk Management.</p><p class=""spinmail-quill-editor__spin-break""><br></p><p class=""spinmail-quill-editor__spin-break"">Key Features Of The Course:</p><ul><li>·Personal branding sessions, career services, and placement assistance with 3-5 guaranteed interview opportunities</li><li>·Deep industry connect with faculty and hands-on learning with mini-projects, internships, and/or capstone project</li><li>·India’s only online industry-focused, comprehensive program (300+ hours) that integrates financial analysis, valuation and risk management for working professionals</li><li>6 Months Part-Time Course</li><li>70% to 90% Live Instructor-led &amp; Expert Classes</li></ul>",ARCHIVE
2-OTRmMWU3MTMtNTRjYS00MWUzLTg4YTQtYWQwZDhjYjgwOWRkXzAxMw==,Sponsored Conversation,LinkedIn Member,,Umang Sharma,https://www.linkedin.com/in/codeshot2002,2023-11-12 22:28:36 UTC,,"<p class=""spinmail-quill-editor__spin-break"">Hi there, %FIRSTNAME%! My name is Franklin from the LinkedIn Premium team. We want you to be well prepared for your next career move. Reactivate your Premium subscription now and get 50% off 2 months of LinkedIn Premium. </p>",ARCHIVE
2-YWNhMDkwYzktYTk2Yi00ZTkyLWE5MzAtZjk3NDczYWNkYmUyXzAxMA==,Sponsored Conversation,LinkedIn Member,,Umang Sharma,https://www.linkedin.com/in/codeshot2002,2023-10-18 11:20:41 UTC,,"<p class=""spinmail-quill-editor__spin-break"">Hi %FIRSTNAME% %LASTNAME%</p><p class=""spinmail-quill-editor__spin-break""><br></p><p class=""spinmail-quill-editor__spin-break"">Are you excited about studying in the UK/Ireland?</p><p class=""spinmail-quill-editor__spin-break""><br></p><p class=""spinmail-quill-editor__spin-break"">With 18 years of experience, we guide you to find the best!&nbsp;</p><p class=""spinmail-quill-editor__spin-break""><br></p><p class=""spinmail-quill-editor__spin-break"">From choosing the right course, at a top-class university to managing your finances, we advise you on everything.&nbsp;</p><p class=""spinmail-quill-editor__spin-break""><br></p><p class=""spinmail-quill-editor__spin-break"">Over 30,000 students have conquered their dreams with us. Now it's time for you to join the best!</p><p class=""spinmail-quill-editor__spin-break""><br></p><p class=""spinmail-quill-editor__spin-break"">Never settle when you can get the best with Fateh.</p><p class=""spinmail-quill-editor__spin-break""><br></p><p class=""spinmail-quill-editor__spin-break"">Register now for the Jan 2024 intake.</p>",ARCHIVE
2-NzdlNTBmOGItYjY2NC00ZjQ4LWEwMzMtMjZhMWVlMTdhYjhlXzAxMw==,Sponsored Conversation,LinkedIn Member,,Umang Sharma,https://www.linkedin.com/in/codeshot2002,2023-09-28 01:50:04 UTC,,"<p class=""spinmail-quill-editor__spin-break"">Hi there, %FIRSTNAME%! My name is Franklin from the LinkedIn Premium team. Reactivate your Premium subscription now and get 50% off 2 months of LinkedIn Premium. </p>",ARCHIVE
2-ZTYwNGM5N2YtOTkzMi00YjdmLThhNGYtMTUwNDZjMjcyYjU2XzAxMw==,Sponsored Conversation,LinkedIn Member,,Umang Sharma,https://www.linkedin.com/in/codeshot2002,2023-07-23 10:22:49 UTC,,"<p class=""spinmail-quill-editor__spin-break"">Hi %FIRSTNAME%</p><p class=""spinmail-quill-editor__spin-break""><br></p><p class=""spinmail-quill-editor__spin-break"">I came across your profile and noticed that you're working as %JOBTITLE%, Top product-based companies seek SDEs skilled in problem-solving, algorithms, Data Structures, and System Design.</p><p class=""spinmail-quill-editor__spin-break""><br></p><p class=""spinmail-quill-editor__spin-break"">Are you feeling the pressure of falling behind your peers due to a skill-set gap?</p><p class=""spinmail-quill-editor__spin-break""><br></p><p class=""spinmail-quill-editor__spin-break"">We, at Learnbay, provide Live Interactive Classes and <strong>Domain Specific Courses</strong> with our <strong>Software Development Course.</strong></p><p class=""spinmail-quill-editor__spin-break""><br></p><p class=""spinmail-quill-editor__spin-break""> We also have an exceptional scholarship designed to support and empower ambitious professionals like you!</p><p class=""spinmail-quill-editor__spin-break""><br></p><p class=""spinmail-quill-editor__spin-break"">So, don't wait anymore and<strong> Book your Counselling Session</strong>.</p>",ARCHIVE
2-NGYwYjFlNmEtMGQ3Yi00Yzg0LWFmYzItZjQzNmRlNDRhZDE2XzAxMw==,Sponsored Conversation,LinkedIn Member,,Umang Sharma,https://www.linkedin.com/in/codeshot2002,2023-07-14 06:35:25 UTC,,"Hi there, %FIRSTNAME%! My name is Diane from the LinkedIn Premium team. Despite recent economic uncertainty, a number of companies are still posting jobs. Would you like to try Premium for free to accelerate your job search? ",ARCHIVE
2-ZjZhMTlhZDUtMGI2NC00ODVkLTllMDMtNTk2ZTUyZTliZjQ2XzAxMw==,Sponsored Conversation,Umang Sharma,https://www.linkedin.com/in/codeshot2002,LinkedIn Member,,2023-06-12 20:51:08 UTC,,Get started,ARCHIVE
2-ZjZhMTlhZDUtMGI2NC00ODVkLTllMDMtNTk2ZTUyZTliZjQ2XzAxMw==,Sponsored Conversation,LinkedIn Member,,Umang Sharma,https://www.linkedin.com/in/codeshot2002,2023-06-12 20:51:04 UTC,,"Search from millions of open jobs on LinkedIn. To narrow in on the right openings, apply search filters to see jobs that match your interests and experience.  To get started, type in the role you are interested in; then, filter by different criteria like these (and others):  - Companies - Locations (including remote) - Salary ranges - Benefits - Under 10 applicants ",ARCHIVE
2-ZjZhMTlhZDUtMGI2NC00ODVkLTllMDMtNTk2ZTUyZTliZjQ2XzAxMw==,Sponsored Conversation,Umang Sharma,https://www.linkedin.com/in/codeshot2002,LinkedIn Member,,2023-06-12 20:51:04 UTC,,See latest job openings,ARCHIVE
2-ZjZhMTlhZDUtMGI2NC00ODVkLTllMDMtNTk2ZTUyZTliZjQ2XzAxMw==,Sponsored Conversation,LinkedIn Member,,Umang Sharma,https://www.linkedin.com/in/codeshot2002,2023-06-12 20:51:01 UTC,,"Great, what would you like to do first? ",ARCHIVE
2-ZjZhMTlhZDUtMGI2NC00ODVkLTllMDMtNTk2ZTUyZTliZjQ2XzAxMw==,Sponsored Conversation,Umang Sharma,https://www.linkedin.com/in/codeshot2002,LinkedIn Member,,2023-06-12 20:51:01 UTC,,I'd like to learn more!,ARCHIVE
2-ZjZhMTlhZDUtMGI2NC00ODVkLTllMDMtNTk2ZTUyZTliZjQ2XzAxMw==,Sponsored Conversation,LinkedIn Member,,Umang Sharma,https://www.linkedin.com/in/codeshot2002,2023-05-30 04:43:26 UTC,,"Hi %FIRSTNAME%,  Are you currently exploring new job opportunities?  If so, I can introduce you to some of Linkedin’s tools to help with your search. ",ARCHIVE
2-M2M2ZmFhYTUtYWFhMy00NGY0LTliN2ItZDNiYjVkZmNhMzU2XzAxMw==,Sponsored Conversation,LinkedIn Member,,Umang Sharma,https://www.linkedin.com/in/codeshot2002,2023-04-14 07:12:28 UTC,,"<p class=""spinmail-quill-editor__spin-break"">Hi there, %FIRSTNAME%! My name is Diane from the LinkedIn Premium team. The %INDUSTRY% sector is still posting jobs, despite recent economic uncertainty. Would you like to try Premium for free to find a job faster?</p>",ARCHIVE
2-MTIyZTQ2YTgtY2M4Ny00NjY4LTgwZGItYTA0ODIwMDU2ZDEzXzAxMw==,Sponsored Conversation,LinkedIn Member,,Umang Sharma,https://www.linkedin.com/in/codeshot2002,2022-10-30 06:03:40 UTC,,"Hi, %FIRSTNAME%!   I'm Eugene from the LinkedIn Sales Solutions team.  Thanks for being active on LinkedIn. I’d like to offer you a free 30-day trial of LinkedIn Sales Navigator!  How does that sound?",ARCHIVE
2-NDU5YjY5MDgtNWY1MS00NzE3LTk3ZDMtZTNmOTdjNjhmMmJlXzAxMw==,"Transform your career today, Book a scholarship call",Gopi Solia,,Umang Sharma,https://www.linkedin.com/in/codeshot2002,2022-10-26 07:18:16 UTC,,"<p class=""spinmail-quill-editor__spin-break"">Hey, Umang</p><p class=""spinmail-quill-editor__spin-break""><br></p><p class=""spinmail-quill-editor__spin-break"">I hope this message finds you well. I am Gopi from Newton School, an ed-tech platform that trains students to become well-paid full-stack developers, software engineers, and data scientists, even if they have zero experience in coding.</p><p class=""spinmail-quill-editor__spin-break""><br></p><p class=""spinmail-quill-editor__spin-break"">We are elated to let you know that you’ve been selected to have a <strong>scholarship counseling call </strong>with our admissions counsellor for the course of <strong>full-stack development.</strong></p><p class=""spinmail-quill-editor__spin-break""><br></p><p class=""spinmail-quill-editor__spin-break"">We’re also excited to announce that this program is open to students from both technical backgrounds as well as a non-technical backgrounds with zero coding experience.</p><p class=""spinmail-quill-editor__spin-break""><br></p><p class=""spinmail-quill-editor__spin-break"">I think our course would be able to give you the career transition you deserve, with a huge salary hike as well.</p><p class=""spinmail-quill-editor__spin-break""><br></p><p class=""spinmail-quill-editor__spin-break"">Why are we reaching out to you? It’s because the moment we looked at your profile, we knew you could avail the opportunity to know more about how you can also benefit from our courses and become a well-paid software engineer yourself.</p><p class=""spinmail-quill-editor__spin-break""><br></p><p class=""spinmail-quill-editor__spin-break"">I hope you would consider scheduling a call as per your convenience and speak to our counsellors to get a better idea of the course as well the scholarship that we’ll be offering you, starting from a minimum of<strong> ₹15,000/</strong>-</p><p class=""spinmail-quill-editor__spin-break""><br></p><p class=""spinmail-quill-editor__spin-break"">In case you’re interested, you’ll need to book a call using this <a rel=""noopener"" href=""https://my.newtonschool.co/register/certification-full-stack-development/?utm_source=Linkedin_ads&amp;utm_medium=Linkedin_ad_Inmail&amp;utm_campaign=cal_campaign&li_fat_id=04a1df49-074c-4e9c-872f-a4185d63f156"" target=""_blank"">Link</a>:</p><p class=""spinmail-quill-editor__spin-break""><br></p><p class=""spinmail-quill-editor__spin-break"">I hope to see you there!</p><p class=""spinmail-quill-editor__spin-break""><br></p><p class=""spinmail-quill-editor__spin-break"">Cheers!</p><p class=""spinmail-quill-editor__spin-break""><br></p><p class=""spinmail-quill-editor__spin-break"">Gopi,</p><p class=""spinmail-quill-editor__spin-break"">Marketing, Newton School</p>",ARCHIVE
2-MWYyNjc0YjQtMTM0Zi00MTBmLWIzYzUtN2NkNzlmNjZlNWI3XzAxMw==,The World is Embracing Quantum computing,Sreehari Ponnappan,,Umang Sharma,https://www.linkedin.com/in/codeshot2002,2022-06-05 07:49:55 UTC,,"<p class=""spinmail-quill-editor__spin-break"">In today’s era of careers, I think you’d agree that it’s so important to stay up to date with the latest skills and technologies.&nbsp;</p><p class=""spinmail-quill-editor__spin-break""><br></p><p class=""spinmail-quill-editor__spin-break"">Based on your area of study and work, we think you’d greatly benefit from QpiAI courses in partnership with the Indian Institute of Science, Bengaluru.</p><p class=""spinmail-quill-editor__spin-break""><br></p><p class=""spinmail-quill-editor__spin-break"">Expert-taught Artificial Intelligence courses to start, shift, or step up your career:&nbsp;</p><ul><li>3 to 6-month courses, from beginner to advanced</li><li>100% online learning, both theoretical and practical</li><li>Access our Virtual Lab - QpiAI Explorer, a learning tool where you can build, simulate &amp; run AI Programs</li><li>Learn directly from 15+ industry experts and leading academia&nbsp;</li><li>Get certified from IISc - the world’s top research institute&nbsp;</li><li>40+ hours of recorded, self-paced lessons to fit your busy schedule&nbsp;</li><li>Get your doubts cleared personally with live sessions and become part of our discussion forum</li><li>Score distinction and get a 3-month internship with QpiAI&nbsp;</li></ul><p class=""spinmail-quill-editor__spin-break""><br></p><p class=""spinmail-quill-editor__spin-break"">Ready to become an expert through an extraordinary learning experience?</p><p class=""spinmail-quill-editor__spin-break""><br></p>",ARCHIVE
2-NDYyZGFlNTgtZjVkMC00YjUzLTlhZjMtODQ0ZjllZTZhYTNhXzAxMw==,Sponsored Conversation,LinkedIn Member,,Umang Sharma,https://www.linkedin.com/in/codeshot2002,2022-05-30 19:56:34 UTC,,"Hi there, %FIRSTNAME%! My name is Diane from the LinkedIn Premium team. We’ve recently seen an increase in job postings that might be a good fit. Would you like to try Premium for free to learn more about these opportunities?",ARCHIVE
2-N2I4NDM3MWMtZDA4ZC00N2QyLWIzZTItMDRmMGE0MTJmMWRkXzAxMw==,Thanks for being a valued member,Diane from LinkedIn Premium,,Umang Sharma,https://www.linkedin.com/in/codeshot2002,2022-02-01 14:04:07 UTC,,"<p class=""spinmail-quill-editor__spin-break"">Hi Umang,</p><p class=""spinmail-quill-editor__spin-break""><br></p><p class=""spinmail-quill-editor__spin-break"">I'd like to offer you a <a rel=""noopener"" href=""https://www.linkedin.com/comm/premium/products?family=jss&amp;type=premium&amp;src=li-in&amp;trk=spinml_mktg_jss_ha_c_PREMIUM_C_JSS_SM_MA_GLOBAL_EN_OpenCandidateTrigger_566_SM_Jul-2021_V3_Firewood&amp;mcid=6818486364531630081&amp;utype=job&li_fat_id=0b9251da-59f3-4361-aeb4-435d662fdf1d"" target=""_blank"">free trial of LinkedIn Premium</a>. LinkedIn Premium gives you access to the following benefits:</p><p class=""spinmail-quill-editor__spin-break""><br></p><ul><li><strong>LinkedIn Learning Courses</strong> so you can sharpen your skills with 15,000+ expert-led video courses.</li><li><strong>InMail Messaging</strong> so you can contact anyone, even if you’re not connected.</li><li><strong>Who's Viewed Your Profile</strong>, to see everyone who viewed your profile over the last 90 days.</li><li><strong>Top Applicant</strong> to see a list of jobs where you’re a great fit.</li><li><strong>Competitive Insights</strong> on people who are applying to the same job as you.</li></ul><p class=""spinmail-quill-editor__spin-break"">Start your 1 month free trial today.</p><p class=""spinmail-quill-editor__spin-break""><br></p><p class=""spinmail-quill-editor__spin-break"">Sincerely,&nbsp;</p><p class=""spinmail-quill-editor__spin-break"">Melissa &amp; the LinkedIn Premium Team</p>",ARCHIVE
2-OTkzZjUzOTktNDcyOS00NmExLWFjZjAtMTNiNTZjYzljOGU2XzAxMw==,Sponsored Conversation,LinkedIn Member,,Umang Sharma,https://www.linkedin.com/in/codeshot2002,2022-01-27 17:33:01 UTC,,"Hi %FIRSTNAME%!   My name is Ankur. I am the Director, Technical Programs at Great Learning. Based on your current role & the interests on your profile, I thought you might be interested in our Program: ""Post Graduate Program in Cloud Computing"" by Great Lakes Executive Learning  India's First Mentorship-Driven Cloud Program:  # 8 Months Online Course # Master 90+ Cloud Services # Live Personalized Mentorship # 32+ Batches Delivered   Would you like to register?",ARCHIVE
2-M2Q2NmYzZTktMmQ3Ni00MmI1LWEyZGQtNTI4NjdlMjIwNDNhXzAxMA==,Meaningful hires start with meaningful conversations.,Shana McFadden from LinkedIn,,Umang Sharma,https://www.linkedin.com/in/codeshot2002,2021-11-20 16:00:50 UTC,,"<p class=""spinmail-quill-editor__spin-break"">Dear Umang,</p><p class=""spinmail-quill-editor__spin-break""><br></p><p class=""spinmail-quill-editor__spin-break"">When you interview the right people, good things happen. That’s why LinkedIn Jobs helps you start more of those conversations worth having, sooner—with every job you post.&nbsp;</p><p class=""spinmail-quill-editor__spin-break""><br></p><ul><li><strong>Find the right people for free.</strong></li></ul><p class=""spinmail-quill-editor__spin-break"">Post a free job and tap into a network of over 770 million professionals.&nbsp;</p><p class=""spinmail-quill-editor__spin-break""><br></p><ul><li><strong>Prioritize the most qualified.&nbsp;</strong></li></ul><p class=""spinmail-quill-editor__spin-break"">Simple tools like screening questions and candidate rating help you quickly filter and prioritize who you should be talking to.</p><p class=""spinmail-quill-editor__spin-break""><br></p><ul><li><strong>Choose who’s right for you.</strong></li></ul><p class=""spinmail-quill-editor__spin-break"">We can get you to the right people, but only you know the right choice for your business.</p><p class=""spinmail-quill-editor__spin-break""><br></p><p class=""spinmail-quill-editor__spin-break""><a rel=""noopener"" href=""https://www.linkedin.com/talent/post-a-job?src=li-in&amp;trk=spinml_mktg_job_lts_ss_APAC_EN_RetargetingExpansion_Blog_MeaningfulGreen&amp;utm_source=linkedin&amp;utm_medium=inmail&amp;utm_campaign=LTS_SS_ACQ_SM_MA_APAC_EN_RetargetingExpansion_Blog_WOW_1400_Website_Conversions_BAU_FREE_ACCN&li_fat_id=d038848b-08c2-4e43-b3f3-2476d2547e7a"" target=""_blank""><strong>Post a free job</strong></a></p><p class=""spinmail-quill-editor__spin-break""><br></p><p class=""spinmail-quill-editor__spin-break"">Sincerely,</p><p class=""spinmail-quill-editor__spin-break"">Shana from LinkedIn Jobs</p>",ARCHIVE
2-MzNlY2IwNTQtYzhhNi00MzQ5LWI0YWQtMmFkZmJiMzBjMGEzXzAxMA==,Sponsored Conversation,LinkedIn Member,,Umang Sharma,https://www.linkedin.com/in/codeshot2002,2021-10-28 16:03:05 UTC,,"Hi, %FIRSTNAME%  Hope you’re well.   We came across your profile and it seemed like a perfect fit for our online MBA program from Liverpool Business School.  Here’s why you should consider applying:  Dual alumni status from LBS and IMT 6 specialisations  Live learning sessions Access to Harvard Case Studies  1:1 mentorship from industry experts 360 degree career support and more  Start upskilling with upGrad, India’s largest online higher education company. ",ARCHIVE
2-ZGY5OGMwOTktZTg2Yi00ZjYzLTg0M2ItMmQzMTI2OTFmM2FjXzAxMA==,Get the applicants you need for free,Janice from LinkedIn,,Umang Sharma,https://www.linkedin.com/in/codeshot2002,2021-09-06 06:07:32 UTC,,"<p class=""spinmail-quill-editor__spin-break"">Hi Umang,</p><p class=""spinmail-quill-editor__spin-break""><br></p><p class=""spinmail-quill-editor__spin-break"">Businesses around the world are grappling with these challenging times. If hiring is a priority for your business, LinkedIn Jobs can help.</p><p class=""spinmail-quill-editor__spin-break""><br></p><p class=""spinmail-quill-editor__spin-break"">Why should you post a job on LinkedIn?</p><p class=""spinmail-quill-editor__spin-break""><br></p><ul><li><strong>Our community is active and engaged:</strong>&nbsp;On LinkedIn, people are applying to the jobs they need.</li><li><strong>LinkedIn learns who's right for your job:</strong>&nbsp;As people share and update their experience, skills, and aspirations.</li><li><strong>Get qualified applicants when you need them:</strong>&nbsp;LinkedIn encourages the right people to apply for your job.</li></ul><p class=""spinmail-quill-editor__spin-break""><a rel=""noopener"" href=""https://www.linkedin.com/talent/post-a-job?src=li-in&amp;trk=spinml_mktg_job_lts_ss_APAC_EN_RetargetingExpansion_TEXT_GetTheApplicantsGreen&amp;utm_source=linkedin&amp;utm_medium=inmail&amp;utm_campaign=LTS_SS_ACQ_SM_MA_APAC_EN_RetargetingExpansion_Blog_WOW_1400_Website_Conversions_BAU_FREE_ACCN&amp;mcid=6757639664087183362&li_fat_id=37aa52e6-3c3c-4ce5-b585-e5bdd5b0484c"" target=""_blank"">Post a job for free.</a></p><p class=""spinmail-quill-editor__spin-break""><br></p><p class=""spinmail-quill-editor__spin-break"">Best,</p><p class=""spinmail-quill-editor__spin-break"">Janice</p>",ARCHIVE
2-N2M4NmMyYmEtNDU5ZC00YTE4LWJlZmEtNTcyYzVlOTE5NDRkXzAxMA==,Ride the Wave of Technological Disruption with 5G Expertise,NIIT Limited,,Umang Sharma,https://www.linkedin.com/in/codeshot2002,2021-09-03 04:05:02 UTC,,"<p class=""spinmail-quill-editor__spin-break""><br></p><p class=""spinmail-quill-editor__spin-break"">Hi Umang Sharma,&nbsp;</p><p class=""spinmail-quill-editor__spin-break""><br></p><p class=""spinmail-quill-editor__spin-break"">With the advent of Industry 4.0, almost every industry &amp; business vertical, from robotic surgery to cyber security and automotive manufacturing, is focusing on developing 5G-skilled resources to usher in a new age of progress &amp; digital prowess.</p><p class=""spinmail-quill-editor__spin-break""><br></p><p class=""spinmail-quill-editor__spin-break"">With a vision to create &amp; empower young professionals to match the pace of the fast-paced evolution in the digital sphere, the Nokia Bell Labs 5G Certification Programme presents deep knowledge and insights about 5G technology and its applications in various industries.</p><p class=""spinmail-quill-editor__spin-break""><br></p><p class=""spinmail-quill-editor__spin-break""><strong>Signing up for the programme gives you the opportunity to:</strong></p><p class=""spinmail-quill-editor__spin-break""><br></p><ul><li>Build professional credibility &amp; gain an internationally-valid certification&nbsp;</li><li>Have an in-depth understanding of 5G technology&nbsp;&nbsp;</li><li>Understand 5G architecture &amp; its application across business verticals</li><li>Learn from industry experts</li></ul><p class=""spinmail-quill-editor__spin-break""><br></p><p class=""spinmail-quill-editor__spin-break"">Register now to acquaint yourself with the technology of tomorrow, and scale the ladder of success with the knowledge of 5G technology.&nbsp;</p><p class=""spinmail-quill-editor__spin-break""><br></p><p class=""spinmail-quill-editor__spin-break""><strong>Warmest regards,</strong></p><p class=""spinmail-quill-editor__spin-break"">Team NIIT</p>",ARCHIVE
