Date,Type,Link
2024-03-14 08:51:42,LIKE,https://www.linkedin.com/feed/update/urn%3Ali%3Aactivity%3A7173642311468244992
2024-03-11 17:57:56,LIKE,https://www.linkedin.com/feed/update/urn%3Ali%3AugcPost%3A7168654855325110272
2023-10-29 01:15:44,LIKE,https://www.linkedin.com/feed/update/urn%3Ali%3Aactivity%3A7119985605991706624
2023-10-18 17:16:49,LIKE,https://www.linkedin.com/feed/update/urn%3Ali%3Aactivity%3A7119927731466698752
2023-09-28 16:47:26,LIKE,https://www.linkedin.com/feed/update/urn%3Ali%3Aactivity%3A7111325718768201728
2023-09-16 05:50:12,LIKE,https://www.linkedin.com/feed/update/urn%3Ali%3Aactivity%3A7108643053233405952
2023-08-20 10:36:17,LIKE,https://www.linkedin.com/feed/update/urn%3Ali%3Aactivity%3A7094989486194929664
2023-08-20 10:34:08,LIKE,https://www.linkedin.com/feed/update/urn%3Ali%3Aactivity%3A7098958936141152256
2023-07-13 10:49:25,LIKE,https://www.linkedin.com/feed/update/urn%3Ali%3Aactivity%3A6997216750735888384
2022-10-26 07:24:29,LIKE,https://www.linkedin.com/feed/update/urn%3Ali%3Aactivity%3A6990177588392407041
2022-02-21 17:40:18,LIKE,https://www.linkedin.com/feed/update/urn%3Ali%3Aactivity%3A6876563783435845632
2021-11-21 18:15:35,LIKE,https://www.linkedin.com/feed/update/urn%3Ali%3Aactivity%3A6866603183138058241
2021-09-14 12:04:13,LIKE,https://www.linkedin.com/feed/update/urn%3Ali%3Aactivity%3A6843445623652462592
2021-09-06 18:38:28,LIKE,https://www.linkedin.com/feed/update/urn%3Ali%3Aactivity%3A6838712808557948928
2021-09-05 19:15:10,LIKE,https://www.linkedin.com/feed/update/urn%3Ali%3Aactivity%3A6836961930691784704
2021-09-05 19:13:54,LIKE,https://www.linkedin.com/feed/update/urn%3Ali%3Aactivity%3A6838461749361029121
2021-09-04 00:16:53,LIKE,https://www.linkedin.com/feed/update/urn%3Ali%3Aactivity%3A6838879791165263872
2021-09-03 19:45:32,LIKE,https://www.linkedin.com/feed/update/urn%3Ali%3AugcPost%3A6839633179255545856
2021-09-03 05:59:19,LIKE,https://www.linkedin.com/feed/update/urn%3Ali%3Aactivity%3A6839048479168442368
2021-09-01 23:06:15,LIKE,https://www.linkedin.com/feed/update/urn%3Ali%3Aactivity%3A6838145611259363328
2021-09-01 06:46:44,LIKE,https://www.linkedin.com/feed/update/urn%3Ali%3Aactivity%3A6836908758149529600
