Date,Link,OptionText
2023-08-21 22:14:16,https://www.linkedin.com/feed/update/urn:li:ugcPost:7099237868585299968,MySQL
2023-08-13 10:27:09,https://www.linkedin.com/feed/update/urn:li:ugcPost:7094626069512658946,/* Block */
2022-10-26 07:23:47,https://www.linkedin.com/feed/update/urn:li:ugcPost:6989102635257671680,YES
2022-02-01 13:48:25,https://www.linkedin.com/feed/update/urn:li:ugcPost:6892862548602171392,;
2021-10-13 05:31:38,https://www.linkedin.com/feed/update/urn:li:ugcPost:6853286388612292608,Zero
2021-10-11 05:03:50,https://www.linkedin.com/feed/update/urn:li:ugcPost:6850364039835508736,int arr[];
2021-09-14 13:33:01,https://www.linkedin.com/feed/update/urn:li:ugcPost:6843467527662669824,50-60%
2021-09-11 08:57:48,https://www.linkedin.com/feed/update/urn:li:ugcPost:6841632816183218176,Pizza
2021-09-06 18:37:23,https://www.linkedin.com/feed/update/urn:li:ugcPost:6840589612134514688,java.lang package
