Application Date,Contact Email,Contact Phone Number,Company Name,Job Title,Job Url,Resume Name,Question And Answers
"9/9/23, 5:15 PM",umang.official20@gmail.com, +919899848772,Contentverse by Computhink,Software Engineer,http://www.linkedin.com/jobs/view/3713201013,UmangSharma_2023 (1).pdf,
"2/17/24, 9:52 PM",umang.official20@gmail.com, +919899848772,Bluelupin Technologies Pvt. Ltd.,Software/ QA intern (Fresher),http://www.linkedin.com/jobs/view/3676307095,UmangSharma_Resume2024.pdf,"Email address:umang.official20@gmail.com | Please submit a resume or LinkedIn profile:1850184104.pdf | Your title:Android Developer Intern | Company:PrudentBit | Last name:Sharma | Dates of employment:2022-07-null - 2022-09-null | Description:• Intellij idea IDE, Android Studio, Java, Android SDK,  JSON, XML. • Involved in the full life cycle of the project including  analysis design, development, debugging, testing  and handover. • Developed the application from specifications and  requirement gathering. • Co-ordinated with the development team and  handled multiple problems. • Handled client meeting for requirement gathering  about the application with my development team | Mobile phone number:+91 9899848772 | First name:Umang | Please enter your ctc in INR:600000"
"8/12/23, 5:26 PM",umang.official20@gmail.com, +919899848772,Trak N Tell (Bits N Bytes Soft Private Limited),Java Software Engineer,http://www.linkedin.com/jobs/view/3690312949,UmangSharma_2023.pdf,
"2/22/24, 11:23 AM",umang.official20@gmail.com, +919899848772,TELUS International India,Java Application Developer,http://www.linkedin.com/jobs/view/3824643232,UmangSharma_Resume2024.pdf,Email address:umang.official20@gmail.com | How many years of work experience do you have with Microservices?:0 | Have you completed the following level of education: Bachelor's Degree?:Yes | How many years of work experience do you have with Spring Boot?:0 | Please submit a resume or LinkedIn profile:-1050970786.pdf | How many years of work experience do you have with Core Java?:1 | Mobile phone number:+91 9899848772
"8/27/23, 3:25 PM",umang.official20@gmail.com, +919899848772,Ezinore Pvt. Ltd.,Embedded System Engineer,http://www.linkedin.com/jobs/view/3695679821,UmangSharma_2023.pdf,Have you completed the following level of education: Bachelor's Degree?:Yes | How many years of work experience do you have with Microsoft Azure?:0 | Mobile phone number:+91 9899848772 | How many years of work experience do you have with Embedded Engineers?:0 | Please submit a resume or LinkedIn profile:816798720.pdf | Email address:umang.official20@gmail.com
"9/2/23, 5:27 PM",umang.official20@gmail.com, +919899848772,Qubrid AI,Application Developer,http://www.linkedin.com/jobs/view/3705160415,UmangSharma_2023 (1).pdf,Do you have Backend experience?:Yes | Do you have Node.js experience?:Yes | Mobile phone number:+91 9899848772 | Email address:umang.official20@gmail.com | This job pays between 4-6 LPA (dependent on experience) and bonus. Is the compensation range listed in the job description acceptable? If unacceptable please do not apply.:Yes | Do you have React.js experience?:Yes | Please submit a resume or LinkedIn profile:1095260461.pdf | Are you an immediate joiner?:Yes
"7/20/23, 4:19 AM",umang.official20@gmail.com, +919899848772,Esync Technologies,Software Engineer Intern,http://www.linkedin.com/jobs/view/3668990351,UmangSharma_Compressed.pdf,
"7/6/23, 6:49 AM",umang.official20@gmail.com, +919899848772,Codiant - A YASH Technologies Company,Android Developer,http://www.linkedin.com/jobs/view/3655536886,UmangSharma_Compressed.pdf,
"9/4/23, 7:12 PM",umang.official20@gmail.com, +919899848772,PayNways,Software Engineer,http://www.linkedin.com/jobs/view/3691248994,UmangSharma_2023 (1).pdf,Email address:umang.official20@gmail.com | How many years of work experience do you have with Java?:1 | Have you completed the following level of education: Bachelor's Degree?:Yes | How many years of work experience do you have with Programming?:2 | Please submit a resume or LinkedIn profile:1095260461.pdf | Mobile phone number:+91 9899848772
"9/4/23, 7:12 PM",umang.official20@gmail.com, +919899848772,SoftSensor.ai,Associate Data Scientist,http://www.linkedin.com/jobs/view/3711902639,UmangSharma_2023 (1).pdf,Mobile phone number:+91 9899848772 | Email address:umang.official20@gmail.com | Please submit a resume or LinkedIn profile:1095260461.pdf
"4/17/24, 3:37 PM",umang.official20@gmail.com, +919899848772,ParkSmart,Back End Developer,http://www.linkedin.com/jobs/view/3865539921,Umang_Resume2024.pdf,How many years of work experience do you have with MySQL?:0 | Have you completed the following level of education: Bachelor's Degree?:Yes | Mobile phone number:+91 9899848772 | Please submit a resume or LinkedIn profile:-693890820.pdf | How many years of work experience do you have with Amazon Web Services (AWS)?:0 | Email address:umang.official20@gmail.com | How many years of work experience do you have with Node.js?:0 | How many years of Software Development experience do you currently have?:0 | Are you comfortable commuting to this job's location?:Yes
"9/15/23, 10:55 PM",umang.official20@gmail.com, +919899848772,AskmeOffers.com,Software Engineer,http://www.linkedin.com/jobs/view/3722245912,Simple_Resume.pdf,Email address:umang.official20@gmail.com | How many years of work experience do you have with Java?:2 | Please submit a resume or LinkedIn profile:-1474348075.pdf | Have you completed the following level of education: Bachelor's Degree?:Yes | Mobile phone number:+91 9899848772
"8/15/23, 2:24 AM",umang.official20@gmail.com, +919899848772,startelelogic,Engineer- Freshers Walk-In,http://www.linkedin.com/jobs/view/3684445275,UmangSharma_2023.pdf,How many years of work experience do you have with Ruby on Rails?:0 | Have you completed the following level of education: Bachelor's Degree?:Yes | Mobile phone number:+91 9899848772 | Please submit a resume or LinkedIn profile:816798720.pdf | Email address:umang.official20@gmail.com | How many years of work experience do you have with AngularJS?:0
"3/23/24, 7:36 AM",umang.official20@gmail.com, +919899848772,Xscale - Scaling B2B Companies using Expertise & Technology. ,Full Stack Developer Intern,http://www.linkedin.com/jobs/view/3862602913,Umang_Resume2024.pdf,Mobile phone number:+91 9899848772 | We must fill this position urgently. Can you start immediately?:Yes | Please submit a resume or LinkedIn profile:828811783.pdf | Email address:umang.official20@gmail.com | How soon can you start(Days)?:0
"9/5/21, 10:53 AM",umang.official20@gmail.com, +919899848772,Iniesta webtech solution private limited,Android Developer,http://www.linkedin.com/jobs/view/2704822048,UmangSharma_2021_Resume.pdf,
"5/30/22, 1:27 PM",umang.official20@gmail.com, +919899848772,Appinventiv,Fresher - Software Developer,http://www.linkedin.com/jobs/view/3100022308,UmangSharma_2021_Resume.pdf,
"9/2/23, 5:26 PM",umang.official20@gmail.com, +919899848772,Flexi Analyst,Software Engineer Intern,http://www.linkedin.com/jobs/view/3692344146,UmangSharma_2023 (1).pdf,
"2/3/24, 8:59 AM",umang.official20@gmail.com, +919899848772,Ksolves India Limited,Software Engineer,http://www.linkedin.com/jobs/view/3783350576,UmangSharma_Resume2024.pdf,Email address:umang.official20@gmail.com | Please submit a resume or LinkedIn profile:1850184104.pdf | How many years of work experience do you have with Scala?:0 | Mobile phone number:+91 9899848772
"9/2/23, 5:32 PM",umang.official20@gmail.com, +919899848772,,,http://www.linkedin.com/jobs/view/3698393554,UmangSharma_2023 (1).pdf,Email address:umang.official20@gmail.com | Mobile phone number:+91 9899848772 | LinkedIn Member Profile Snapshot: | First name:Umang | Please submit a resume or LinkedIn profile:1095260461.pdf | Last name:Sharma
"8/15/23, 2:25 AM",umang.official20@gmail.com, +919899848772,Delhivery,Frontend Developer,http://www.linkedin.com/jobs/view/3687621126,UmangSharma_2023.pdf,Please submit a resume or LinkedIn profile:816798720.pdf | Can you join in 10days?:Yes | Email address:umang.official20@gmail.com | Mobile phone number:+91 9899848772 | Do you have 1.5yrs experience in React and Javascript?:Yes
"9/9/23, 5:17 PM",umang.official20@gmail.com, +919899848772,SkillShots.app,Full Stack Engineer,http://www.linkedin.com/jobs/view/3711728610,UmangSharma_2023 2.pdf,Please submit a resume or LinkedIn profile:353149816.pdf | Mobile phone number:+91 9899848772 | Email address:umang.official20@gmail.com | How many years of work experience do you have with  React Native?:1 | Would you be willing to move to Delhi-NCR if required for work?:Yes | Do you have Macbook to carry on ios development in remote work setup? :No | How many years of work experience do you have with  Django?:0 | Do you have iPhone for testing the platform on ios.:No
"9/2/23, 5:32 PM",umang.official20@gmail.com, +919899848772,Digitize Things Inc.,Application Support Engineer,http://www.linkedin.com/jobs/view/3708680721,UmangSharma_2023 (1).pdf,Email address:umang.official20@gmail.com | Please submit a resume or LinkedIn profile:1095260461.pdf | Mobile phone number:+91 9899848772
"10/18/23, 4:44 AM",umang.official20@gmail.com, +919899848772,The Algorithm,Mobile Application Developer,http://www.linkedin.com/jobs/view/3731526124,Simple_Resume.pdf,The salary range for this position is between INR 4.2-4.8 LPA. Are you Ok with that salary range?:Yes | Mobile phone number:+91 9899848772 | How many years of work experience do you have with Android?:1 | We must fill this position urgently. Can you start immediately?:Yes | Email address:umang.official20@gmail.com | Please submit a resume or LinkedIn profile:-1474348075.pdf | How many years of work experience do you have with iOS?:0 | How many years of work experience do you have with React Native?:1
"8/16/23, 10:45 AM",umang.official20@gmail.com, +919899848772,Rationarium,Junior Front End Developer,http://www.linkedin.com/jobs/view/3696108127,UmangSharma_2023.pdf,How many years of work experience do you have with Angular?:0 | How many years of work experience do you have with JavaScript?:1 | What is your current annual salary in INR?:0 | Mobile phone number:+91 9899848772 | What is your desired annual salary in INR?:Yes | How many years of work experience do you have with HTML?:1 | Please submit a resume or LinkedIn profile:816798720.pdf | Email address:umang.official20@gmail.com
"2/22/24, 11:24 AM",umang.official20@gmail.com, +919899848772,Capgemini Engineering,Java Developer ,http://www.linkedin.com/jobs/view/3823081857,UmangSharma_Resume2024.pdf,Email address:umang.official20@gmail.com | How many years of work experience do you have with Microservices?:0 | How many years of work experience do you have with Spring Boot?:0 | Mobile phone number:+91 9899848772 | How many years of work experience do you have with Core Java?:1 | Please submit a resume or LinkedIn profile:-1050970786.pdf
"4/16/24, 1:55 PM",umang.official20@gmail.com, +919899848772,CryptoXpress,Back End Developer,http://www.linkedin.com/jobs/view/3875887085,Umang_Resume2024.pdf,"How many years of work experience do you have with Node.js?:1 | Do you Understand How Flight and hotel bookings work?:Yes | Please submit a resume or LinkedIn profile:-693890820.pdf | Mobile phone number:+91 9899848772 | Email address:umang.official20@gmail.com | How many years of work experience do you have with JavaScript?:1 | Have you Signed up for Cryptoxpress app to know the role better?  If yes, send us a message on the page with your username for faster shortlisting. (If not, it takes more time for our team to find U ):Yes"
"9/3/21, 12:46 PM",umang.official20@gmail.com, +919899848772,arraykart,Frontend Android Developer (Intern),http://www.linkedin.com/jobs/view/2708212730,UmangSharma_2021_Resume.pdf,How many years of work experience do you have using Java?:1 | Mobile phone number:+91 9899848772 | How many years of work experience do you have using User Interface Design?:1 | We must fill this position urgently. Can you start immediately?:Yes | Email address:umang.official20@gmail.com | Are you comfortable commuting to this job's location?:Yes | Please submit a resume or LinkedIn profile:-1741451102.pdf | How many years of work experience do you have using Databases?:0 | Have you worked on any Android Development Project?:Yes | How many years of work experience do you have using XML?:0
"7/17/23, 4:06 AM",umang.official20@gmail.com, +919899848772,Appinventiv,Software Developer,http://www.linkedin.com/jobs/view/3665315106,UmangSharma_Compressed.pdf,
"8/14/23, 3:57 AM",umang.official20@gmail.com, +919899848772,Appinventiv,Software Trainee,http://www.linkedin.com/jobs/view/3628191299,UmangSharma_2023.pdf,
"3/23/24, 7:36 AM",umang.official20@gmail.com, +919899848772,Hetcash advertising,Web Developer,http://www.linkedin.com/jobs/view/3864504560,Umang_Resume2024.pdf,Mobile phone number:+91 9899848772 | How many years of work experience do you have with JavaScript?:1 | How many years of work experience do you have with HTML?:1 | We must fill this position urgently. Can you start immediately?:Yes | Please submit a resume or LinkedIn profile:828811783.pdf | Email address:umang.official20@gmail.com
"9/2/21, 10:36 PM",umang.official20@gmail.com, +919899848772,connect,Android Developer,http://www.linkedin.com/jobs/view/2696365385,Umang Sharma's Resume.pdf,How many years of work experience do you have using Android Development?:1 | Mobile phone number:+91 9899848772 | Please submit a resume or LinkedIn profile:-1605352849.pdf | How many years of work experience do you have using Kotlin?:0 | Email address:umang.official20@gmail.com | how many years of experience you have with Android studio:1
"3/14/24, 1:53 AM",umang.official20@gmail.com, +919899848772,DataNeuron,Software Development Engineer - MERN,http://www.linkedin.com/jobs/view/3851776225,Umang_Resume2024.pdf,How many years of experience do you have with Mern?:1 | What is your current CTC (in LPA)?:0 | We must fill this position urgently. Can you start immediately?:Yes | How many years of work experience do you have with Node.js?:1 | Please submit a resume or LinkedIn profile:828811783.pdf | What is your Notice Period (in days)?:0 | How many years of work experience do you have with JavaScript?:1 | How many years of work experience do you have with React.js?:1 | Mobile phone number:+91 9899848772 | Email address:umang.official20@gmail.com | How many years of IT Experience do you have?:1
"9/9/23, 5:16 PM",umang.official20@gmail.com, +919899848772,Zapuza,Software Engineer,http://www.linkedin.com/jobs/view/3713091923,UmangSharma_2023 2.pdf,Email address:umang.official20@gmail.com | Mobile phone number:+91 9899848772 | How many years of work experience do you have with Java?:2 | Please submit a resume or LinkedIn profile:353149816.pdf | How many years of work experience do you have with C++?:0 | Are you comfortable working in a remote setting?:Yes | Have you completed the following level of education: Bachelor's Degree?:Yes
"6/3/22, 1:03 PM",umang.official20@gmail.com, +919899848772,Alchemial,Software Engineer Intern,http://www.linkedin.com/jobs/view/3107426847,UmangSharma_2021_Resume.pdf,Email address:umang.official20@gmail.com | How many years of work experience do you have using React.js?:1 | How many years of work experience do you have using HTML5?:1 | Mobile phone number:+91 9899848772 | How many years of work experience do you have using C (Programming Language)?:1 | Please submit a resume or LinkedIn profile:383395579.pdf
"9/9/23, 5:16 PM",umang.official20@gmail.com, +919899848772,Blu Ocean Innovations pvt ltd,Software Engineer,http://www.linkedin.com/jobs/view/3713249195,UmangSharma_2023 2.pdf,
"10/18/23, 4:38 AM",umang.official20@gmail.com, +919899848772,Zupee,Backend-SDE 1,http://www.linkedin.com/jobs/view/3740093214,Simple_Resume.pdf,Email address:umang.official20@gmail.com | Mobile phone number:+91 9899848772 | Are you comfortable with the Gurgaon location?:Yes | How Many years of experience do you have in the backend?:0 | Please submit a resume or LinkedIn profile:-1474348075.pdf
"7/11/23, 10:24 AM",umang.official20@gmail.com, +919899848772,Bellurbis ,Android Developer,http://www.linkedin.com/jobs/view/3660537399,UmangSharma_Compressed.pdf,We must fill this position urgently. Can you start immediately?:Yes | How many years of work experience do you have with Kotlin?:0 | Email address:umang.official20@gmail.com | Please submit a resume or LinkedIn profile:552907104.pdf | Mobile phone number:+91 9899848772 | How many years of work experience do you have with Android?:1 | Are you comfortable commuting to this job's location?:Yes | How many years of work experience do you have with Android SDK?:1
"10/29/23, 6:54 AM",umang.official20@gmail.com, +919899848772,Crossover ,"Developer, Trilogy (Remote) - $60,000/year USD",http://www.linkedin.com/jobs/view/3745940803,Simple_Resume.pdf,Mobile phone number:+91 9899848772 | Email address:umang.official20@gmail.com | Last name:Sharma | First name:Umang | Please submit a resume or LinkedIn profile:-1474348075.pdf | LinkedIn Member Profile Snapshot:
"7/12/23, 2:21 PM",umang.official20@gmail.com, +919899848772,Appinventiv,Software Intern,http://www.linkedin.com/jobs/view/3660111813,UmangSharma_Compressed.pdf,
"7/12/23, 2:24 PM",umang.official20@gmail.com, +919899848772,Delhivery,Software Engineer,http://www.linkedin.com/jobs/view/3661294307,UmangSharma_Compressed.pdf,Email address:umang.official20@gmail.com | Mobile phone number:+91 9899848772 | Are you comfortable to relocate to Gurgaon?:Yes | Please submit a resume or LinkedIn profile:552907104.pdf | Can you join in 10days?:Yes
"8/16/23, 5:31 AM",umang.official20@gmail.com, +919899848772,Tree Top Staffing LLC,Software Engineer,http://www.linkedin.com/jobs/view/3695762010,UmangSharma_2023.pdf,
"8/27/23, 3:29 PM",umang.official20@gmail.com, +919899848772,Giakaa,Blockchain Developer,http://www.linkedin.com/jobs/view/3701595360,UmangSharma_2023 (1).pdf,Please submit a resume or LinkedIn profile:1095260461.pdf | Email address:umang.official20@gmail.com | Do you have experience in Gmx.io and sphere.finance:No | How many years of experience do you have ?:0 | Mobile phone number:+91 9899848772
"3/29/24, 12:14 PM",umang.official20@gmail.com, +919899848772,Samsung Electronics,System Engineer,http://www.linkedin.com/jobs/view/3853001700,Umang_Resume2024.pdf,Mobile phone number:+91 9899848772 | Please submit a resume or LinkedIn profile:828811783.pdf | How many years of work experience do you have with C++?:0 | Email address:umang.official20@gmail.com
"5/30/22, 1:28 PM",umang.official20@gmail.com, +919899848772,Damco Solutions,Software Engineer Trainee (.Net/ MERN/ Power BI/ React Native/ Flutter/ Python/ Tester),http://www.linkedin.com/jobs/view/3101328044,UmangSharma_2021_Resume.pdf,We must fill this position urgently. Can you start between 6th June to 15th June?:Yes | How many months of experience do you have in OOPS?:12 | Mobile phone number:+91 9899848772 | How many months of experience do you have in Programming Language?:12 | Please submit a resume or LinkedIn profile:383395579.pdf | How many months of experience do you have in Data structure?:6 | Email address:umang.official20@gmail.com
"9/2/23, 5:26 PM",umang.official20@gmail.com, +919899848772,S2T AI - AI-Powered Investigations,Software Engineer,http://www.linkedin.com/jobs/view/3701707090,UmangSharma_2023 (1).pdf,"Please submit a resume or LinkedIn profile:1095260461.pdf | Mobile phone number:+91 9899848772 | Email address:umang.official20@gmail.com | If you had to rate your coding skills in the language you are most comfortable with, how would you rate it from 1 to 10?:10 | Do you love coding?:Yes"
"6/3/22, 1:03 PM",umang.official20@gmail.com, +919899848772,mslate,Javascript Developer,http://www.linkedin.com/jobs/view/3109151544,UmangSharma_2021_Resume.pdf,Email address:umang.official20@gmail.com | Please submit a resume or LinkedIn profile:383395579.pdf | How many years of work experience do you have using Test Automation?:0 | Mobile phone number:+91 9899848772 | How many years of work experience do you have using React.js?:1 | How many years of work experience do you have using Databases?:0
"9/2/23, 5:29 PM",umang.official20@gmail.com, +919899848772,Tunch Technology,Back End Developer,http://www.linkedin.com/jobs/view/3710189990,UmangSharma_2023 (1).pdf,
"10/18/23, 4:44 AM",umang.official20@gmail.com, +919899848772,Zupee,Senior Software Development Engineer - Android ,http://www.linkedin.com/jobs/view/3726476834,Simple_Resume.pdf,How many years of experience do you have with MVVM?:0 | How many years of work experience do you have with Coroutines?:0 | Mobile phone number:+91 9899848772 | Please submit a resume or LinkedIn profile:-1474348075.pdf | Email address:umang.official20@gmail.com
"7/12/23, 2:22 PM",umang.official20@gmail.com, +919899848772,C2 Digital,Shopify Agency - Full Stack Developer,http://www.linkedin.com/jobs/view/3661842133,UmangSharma_Compressed.pdf,Please submit a resume or LinkedIn profile:552907104.pdf | Years of Shopify Development Experience?:0 | You can work 6AM - 2:30PM PST (PACIFIC STANDARD TIME)?:Yes | Email address:umang.official20@gmail.com | Mobile phone number:+91 9899848772
"9/9/23, 5:18 PM",umang.official20@gmail.com, +919899848772,SELIN Club PTE LTD,Application Developer,http://www.linkedin.com/jobs/view/3710795648,UmangSharma_2023 2.pdf,How many years of Engineering experience do you currently have?:0 | Please submit a resume or LinkedIn profile:353149816.pdf | Email address:umang.official20@gmail.com | Mobile phone number:+91 9899848772
"3/14/24, 1:54 AM",umang.official20@gmail.com, +919899848772,Coforge,Technical Lead (Java Backend),http://www.linkedin.com/jobs/view/3844991811,Umang_Resume2024.pdf,Email address:umang.official20@gmail.com | Mobile phone number:+91 9899848772 | Please mention your notice period in number of days:0 | Please submit a resume or LinkedIn profile:828811783.pdf
"4/16/24, 1:50 PM",umang.official20@gmail.com, +919899848772,CryptoXpress,Software Developer - Fresher,http://www.linkedin.com/jobs/view/3872013228,Umang_Resume2024.pdf,"As a crypto company, we would like you to have a Twitter & Telegram account. Do you have accounts?:Yes | Mobile phone number:+91 9899848772 | Email address:umang.official20@gmail.com | Please submit a resume or LinkedIn profile:828811783.pdf | How many years of work experience do you have with React.js?:1"
"9/4/23, 6:48 PM",umang.official20@gmail.com, +919899848772,Sparklin,Android Development Intern,http://www.linkedin.com/jobs/view/3573145351,UmangSharma_2023 (1).pdf,"Are you comfortable working in a remote setting?:Yes | Mobile phone number:+91 9899848772 | Are you willing to undergo a background check, in accordance with local law/regulations?:Yes | How many years of work experience do you have with Java?:1 | How many years of work experience do you have with Kotlin?:0 | How many years of work experience do you have with Android SDK?:1 | We must fill this position urgently. Can you start immediately?:Yes | Please submit a resume or LinkedIn profile:1095260461.pdf | Email address:umang.official20@gmail.com"
"9/2/23, 5:48 PM",umang.official20@gmail.com, +919899848772,MissPoppins,Full Stack Engineer Intern,http://www.linkedin.com/jobs/view/3700622327,UmangSharma_2023 (1).pdf,"Have you worked on a mobile app or worked as either a front end, back end or full stack coder for a professional company before?:Yes | Email address:umang.official20@gmail.com | Please submit a resume or LinkedIn profile:1095260461.pdf | Mobile phone number:+91 9899848772 | Will you be able to dedicate 3-4 hours every day or most of the weekdays to this start-up as an intern, for a minimum of 6 months, evenings and nights, since our team is based out of United States?:Yes | Have you completed minimum of 3 years of university experience in Bachelor's in either Computer Science or Computer Engineering?:Yes"
"10/29/23, 6:58 AM",umang.official20@gmail.com, +919899848772,Crossover ,"Junior Software Engineer, Skyvera - $15,000/year USD",http://www.linkedin.com/jobs/view/3745943637,Simple_Resume.pdf,Email address:umang.official20@gmail.com | Mobile phone number:+91 9899848772 | Last name:Sharma | LinkedIn Member Profile Snapshot: | Please submit a resume or LinkedIn profile:-1474348075.pdf | First name:Umang
